0.8666666666666667,nn,iris,sygus, (let ((_let_0 (< petal-width (/ 3 4)))) (or (and (< sepal-width (/ 1 4)) _let_0) (and (< sepal-length (/ 1 2)) (and (< sepal-width (/ 1 2)) (and (> petal-length (/ 1 4)) _let_0))))),8.0,0.5,"- threshold: 0.5
- specific_input: [0.38888888888888884, 0.25, 0.423728813559322, 0.375]
- detailed_input: [('sepal-length', 0.38888888888888884), ('sepal-width', 0.25), ('petal-length', 0.423728813559322), ('petal-width', 0.375)]",131.0,1.0,0.0,11.00619626045227,9.340705156326294,0.6618587970733643,12.0
0.8,nn,iris,sygus, (or (and (= sepal-length (/ 9722222222222221 25000000000000000)) (= sepal-width (/ 1 4)) (= petal-length (/ 211864406779661 500000000000000)) (= petal-width (/ 3 8))) (and (= sepal-length (/ 79 1000)) (= sepal-width (/ 3 50)) (= petal-length (/ 47 100)) (= petal-width (/ 377 500))) (and (= sepal-length (/ 719 1000)) (= sepal-width (/ 323 1000)) (= petal-length (/ 91 250)) (= petal-width (/ 523 1000))) (and (= sepal-length (/ 523 1000)) (= sepal-width (/ 73 500)) (= petal-length (/ 29 200)) (= petal-width (/ 99 250))) (and (= sepal-length (/ 251 500)) (= sepal-width (/ 307 1000)) (= petal-length (/ 102 125)) (= petal-width (/ 41 500))) (and (= sepal-length (/ 39 1000)) (= sepal-width (/ 13 1000)) (= petal-length (/ 877 1000)) (= petal-width (/ 199 250))) (and (= sepal-length (/ 58 125)) (= sepal-width (/ 59 500)) (= petal-length (/ 46 125)) (= petal-width (/ 39 200))) (and (= sepal-length (/ 703 1000)) (= sepal-width (/ 29 250)) (= petal-length (/ 447 1000)) (= petal-width (/ 171 250))) (and (= sepal-length (/ 271 1000)) (= sepal-width (/ 141 1000)) (= petal-length (/ 723 1000)) (= petal-width (/ 33 1000))) (and (= sepal-length (/ 87 100)) (= sepal-width (/ 317 1000)) (= petal-length (/ 243 250)) (= petal-width (/ 7 500))) (and (= sepal-length (/ 287 500)) (= sepal-width (/ 221 1000)) (= petal-length (/ 231 250)) (= petal-width (/ 247 500))) (and (= sepal-length (/ 487 1000)) (= sepal-width (/ 171 500)) (= petal-length (/ 169 250)) (= petal-width (/ 183 500))) (and (= sepal-length (/ 29 200)) (= sepal-width (/ 51 1000)) (= petal-length (/ 737 1000)) (= petal-width (/ 59 125))) (and (= sepal-length (/ 981 1000)) (= sepal-width (/ 29 500)) (= petal-length (/ 929 1000)) (= petal-width (/ 351 500))) (and (= sepal-length (/ 157 1000)) (= sepal-width (/ 149 1000)) (= petal-length (/ 73 125)) (= petal-width (/ 281 1000))) (and (= sepal-length (/ 669 1000)) (= sepal-width (/ 243 500)) (= petal-length (/ 767 1000)) (= petal-width (/ 54 125))) (and (= sepal-length (/ 861 1000)) (= sepal-width (/ 61 500)) (= petal-length (/ 1 5)) (= petal-width (/ 109 1000))) (and (= sepal-length (/ 51 200)) (= sepal-width (/ 79 250)) (= petal-length (/ 159 250)) (= petal-width (/ 77 125))) (and (= sepal-length (/ 31 40)) (= sepal-width (/ 189 1000)) (= petal-length (/ 211 1000)) (= petal-width (/ 61 125))) (and (= sepal-length (/ 353 500)) (= sepal-width (/ 119 1000)) (= petal-length (/ 347 1000)) (= petal-width (/ 107 1000))) (and (= sepal-length (/ 469 500)) (= sepal-width (/ 9 500)) (= petal-length (/ 441 1000)) (= petal-width (/ 213 1000))) (and (= sepal-length (/ 243 250)) (= sepal-width (/ 19 500)) (= petal-length (/ 49 200)) (= petal-width (/ 257 1000))) (and (= sepal-length (/ 883 1000)) (= sepal-width (/ 2 125)) (= petal-length (/ 191 200)) (= petal-width (/ 117 500))) (and (= sepal-length (/ 87 125)) (= sepal-width (/ 17 50)) (= petal-length (/ 389 1000)) (= petal-width (/ 11 500))) (and (= sepal-length (/ 443 1000)) (= sepal-width (/ 3 5)) (= petal-length (/ 949 1000)) (= petal-width (/ 207 1000))) (and (= sepal-length (/ 847 1000)) (= sepal-width (/ 277 1000)) (= petal-length (/ 9 20)) (= petal-width (/ 16 125))) (and (= sepal-length (/ 4 25)) (= sepal-width (/ 539 1000)) (= petal-length (/ 857 1000)) (= petal-width (/ 63 200))) (and (= sepal-length (/ 19 100)) (= sepal-width (/ 17 200)) (= petal-length (/ 27 50)) (= petal-width (/ 1 100))) (and (= sepal-length (/ 617 1000)) (= sepal-width (/ 51 250)) (= petal-length (/ 939 1000)) (= petal-width (/ 219 1000))) (and (= sepal-length (/ 333 1000)) (= sepal-width (/ 21 250)) (= petal-length (/ 117 250)) (= petal-width (/ 553 1000))) (and (= sepal-length (/ 127 1000)) (= sepal-width (/ 87 1000)) (= petal-length (/ 793 1000)) (= petal-width (/ 7 10))) (and (= sepal-length (/ 597 1000)) (= sepal-width (/ 47 100)) (= petal-length (/ 741 1000)) (= petal-width (/ 389 1000))) (and (= sepal-length (/ 118 125)) (= sepal-width (/ 163 1000)) (= petal-length (/ 339 500)) (= petal-width (/ 97 500))) (and (= sepal-length (/ 151 1000)) (= sepal-width (/ 187 500)) (= petal-length (/ 483 500)) (= petal-width (/ 31 1000))) (and (= sepal-length (/ 191 1000)) (= sepal-width (/ 149 500)) (= petal-length (/ 49 100)) (= petal-width (/ 149 1000))) (and (= sepal-length (/ 163 500)) (= sepal-width (/ 8 125)) (= petal-length (/ 79 1000)) (= petal-width (/ 169 250))) (and (= sepal-length (/ 297 500)) (= sepal-width (/ 21 125)) (= petal-length (/ 577 1000)) (= petal-width (/ 493 1000))) (and (= sepal-length (/ 143 200)) (= sepal-width (/ 103 1000)) (= petal-length (/ 81 1000)) (= petal-width (/ 6 125))) (and (= sepal-length (/ 49 50)) (= sepal-width (/ 123 500)) (= petal-length (/ 469 500)) (= petal-width (/ 43 200))) (and (= sepal-length (/ 177 250)) (= sepal-width (/ 11 50)) (= petal-length (/ 87 500)) (= petal-width (/ 77 200))) (and (= sepal-length (/ 313 1000)) (= sepal-width (/ 63 1000)) (= petal-length (/ 197 250)) (= petal-width (/ 641 1000))) (and (= sepal-length (/ 33 500)) (= sepal-width (/ 1 20)) (= petal-length (/ 109 250)) (= petal-width (/ 421 1000))) (and (= petal-length (/ 909 1000)) (or (and (= sepal-length (/ 393 500)) (= sepal-width (/ 39 500)) (= petal-width (/ 379 1000))) (and (= sepal-length (/ 451 1000)) (= sepal-width (/ 83 200)) (= petal-width (/ 451 1000)))))),221.0,0.9565217391304348,"- threshold: 0.5
- specific_input: [0.38888888888888884, 0.25, 0.423728813559322, 0.375]
- detailed_input: [('sepal-length', 0.38888888888888884), ('sepal-width', 0.25), ('petal-length', 0.423728813559322), ('petal-width', 0.375)]",16223.0,0.0,0.0,10.381897449493408,1.959829568862915,8.409793615341187,46.0
1.0,nn,zoo,sygus, (or (and (not eggs) (not breathes)) (and toothed breathes)),6.0,0.5384615384615384,"- threshold: 0.5
- specific_input: [1.0, 0.0, 0.0, 1.0, 1.0, 0.0, 0.0, 1.0, 1.0, 1.0, 0.0, 0.0, 0.25, 1.0, 0.0, 0.0]
- detailed_input: [('hair', 1.0), ('feathers', 0.0), ('eggs', 0.0), ('milk', 1.0), ('airborne', 1.0), ('aquatic', 0.0), ('predator', 0.0), ('toothed', 1.0), ('backbone', 1.0), ('breathes', 1.0), ('venomous', 0.0), ('fins', 0.0), ('legs', 0.25), ('tail', 1.0), ('domestic', 0.0), ('catsize', 0.0)]",80.0,1.0,0.0,11.504588603973389,9.716064691543579,0.7845480442047119,13.0
0.9090909090909091,nn,zoo,sygus, (or (and (not eggs) (or (and (not venomous) (or (and hair (or (and (not aquatic) (or (and milk (or (and breathes (or (and predator (or (and catsize (or (and feathers airborne toothed (not backbone) (not tail) (not fins) (not domestic) (= legs (/ 377 500))) (and (not toothed) (or (and tail domestic (not airborne) (not backbone) (not fins) (not feathers) (= legs (/ 104 125))) (and fins (not tail) (not domestic) (or (and feathers backbone (not airborne) (= legs (/ 17 500))) (and airborne (not backbone) (not feathers) (= legs (/ 687 1000))))))))) (and toothed domestic (not airborne) (not fins) (not catsize) (or (and feathers backbone (not tail) (= legs (/ 321 1000))) (and tail (not backbone) (not feathers) (= legs (/ 333 1000))))))) (and (not predator) (not catsize) (not feathers) (or (and toothed backbone fins tail domestic (not airborne) (= legs (/ 3 500))) (and airborne (not domestic) (or (and toothed backbone tail (= legs (/ 1 4)) (not fins)) (and fins (not toothed) (not backbone) (not tail) (= legs (/ 31 250))))))))) (and domestic (not breathes) (not predator) (or (and toothed (not tail) (or (and feathers backbone fins (not airborne) (not catsize) (= legs (/ 6 125))) (and catsize (not backbone) (not fins) (not feathers) (or (and (not airborne) (= legs (/ 16 125))) (and airborne (= legs (/ 821 1000))))))) (and tail (not toothed) (or (and feathers backbone fins (not airborne) (not catsize) (= legs (/ 607 1000))) (and airborne catsize (not backbone) (not fins) (not feathers) (= legs (/ 221 250))))))))) (and toothed catsize (not milk) (or (and backbone breathes tail (not airborne) (not predator) (not fins) (not domestic) (not feathers) (= legs (/ 293 500))) (and airborne predator (not tail) (or (and backbone (not breathes) (not fins) (not domestic) (not feathers) (= legs (/ 39 200))) (and feathers breathes fins domestic (not backbone) (or (= legs (/ 99 250)) (= legs (/ 297 1000)))))))))) (and aquatic (or (and backbone (or (and tail catsize (not milk) (not airborne) (not toothed) (not breathes) (not predator) (not fins) (not domestic) (not feathers) (= legs (/ 117 1000))) (and predator (or (and feathers toothed breathes tail catsize (not milk) (not airborne) (not fins) (not domestic) (= legs (/ 187 250))) (and milk domestic (or (and fins tail catsize (not airborne) (not toothed) (not breathes) (not feathers) (= legs (/ 3 1000))) (and breathes (not catsize) (or (and tail (not airborne) (not toothed) (not fins) (= legs (/ 46 125)) (not feathers)) (and feathers airborne toothed fins (not tail) (= legs (/ 1 40))))))))))) (and toothed catsize (not milk) (not backbone) (not tail) (not predator) (not fins) (not domestic) (not feathers) (or (and airborne (not breathes) (= legs (/ 114 125))) (and breathes (not airborne) (= legs (/ 69 125))))))))) (and (not hair) (or (and feathers milk breathes tail catsize (not airborne) (not toothed) (not backbone) (not aquatic) (not predator) (not fins) (not domestic) (= legs (/ 343 1000))) (and toothed (or (and feathers milk predator backbone breathes fins domestic catsize (not airborne) (not tail) (not aquatic) (= legs (/ 647 1000))) (and tail (or (and airborne backbone breathes domestic catsize (not milk) (not aquatic) (not predator) (not fins) (not feathers) (= legs (/ 3 50))) (and (not airborne) (or (and predator backbone breathes domestic catsize (not milk) (not aquatic) (not fins) (not feathers) (= legs (/ 47 100))) (and milk (or (and aquatic predator backbone breathes domestic (not fins) (not catsize) (not feathers) (= legs (/ 2 25))) (and (not breathes) (or (and aquatic fins (not backbone) (not predator) (not catsize) (not domestic) (not feathers) (= legs (/ 179 1000))) (and (not aquatic) (not fins) (or (and feathers backbone domestic (not predator) (not catsize) (= legs (/ 329 1000))) (and predator (not feathers) (or (and backbone domestic (not catsize) (= legs (/ 56 125))) (and catsize (not backbone) (not domestic) (= legs (/ 447 1000))))))))))))))))))))) (and milk venomous (or (and aquatic backbone breathes tail domestic catsize (not hair) (not airborne) (not toothed) (not predator) (not fins) (not feathers) (= legs (/ 221 1000))) (and hair (or (and aquatic predator toothed backbone breathes (not airborne) (not tail) (not fins) (not catsize) (not domestic) (not feathers) (= legs (/ 17 100))) (and catsize (or (and feathers predator toothed backbone fins (not airborne) (not breathes) (not tail) (not aquatic) (not domestic) (= legs (/ 909 1000))) (and (not feathers) (or (and aquatic backbone (or (and fins tail (not airborne) (not toothed) (not breathes) (not predator) (not domestic) (= legs (/ 551 1000))) (and toothed (or (and breathes domestic (not airborne) (not tail) (not predator) (not fins) (= legs (/ 98 125))) (and predator (or (and airborne fins (not breathes) (not tail) (= legs (/ 211 1000)) (not domestic)) (and breathes tail domestic (not airborne) (not fins) (= legs (/ 173 200))))))))) (and airborne breathes (not toothed) (not backbone) (not tail) (not aquatic) (not predator) (or (and fins domestic (= legs (/ 71 100))) (and (not fins) (not domestic) (= legs (/ 13 40))))))))))))))) (and hair eggs toothed (or (and aquatic breathes tail catsize (not milk) (not airborne) (not backbone) (not predator) (not venomous) (not fins) (not domestic) (not feathers) (= legs (/ 339 500))) (and milk (or (and airborne predator backbone fins tail domestic catsize (not breathes) (not aquatic) (not venomous) (not feathers) (= legs (/ 7 50))) (and (not airborne) (or (and aquatic predator backbone tail domestic (not breathes) (not venomous) (not fins) (not catsize) (not feathers) (= legs (/ 217 500))) (and (not aquatic) (or (and tail domestic catsize (not backbone) (not breathes) (not predator) (not venomous) (not fins) (not feathers) (= legs (/ 163 250))) (and breathes (or (and domestic (not backbone) (not tail) (not predator) (not venomous) (not fins) (not catsize) (not feathers) (= legs (/ 9 500))) (and fins catsize (or (and backbone venomous domestic (not tail) (not predator) (not feathers) (= legs (/ 93 125))) (and predator (not backbone) (not venomous) (not domestic) (or (and feathers (not tail) (= legs (/ 157 1000))) (and tail (not feathers) (= legs (/ 81 125)))))))))))))))))),594.0,0.9622641509433962,"- threshold: 0.5
- specific_input: [1.0, 0.0, 0.0, 1.0, 1.0, 0.0, 0.0, 1.0, 1.0, 1.0, 0.0, 0.0, 0.25, 1.0, 0.0, 0.0]
- detailed_input: [('hair', 1.0), ('feathers', 0.0), ('eggs', 0.0), ('milk', 1.0), ('airborne', 1.0), ('aquatic', 0.0), ('predator', 0.0), ('toothed', 1.0), ('backbone', 1.0), ('breathes', 1.0), ('venomous', 0.0), ('fins', 0.0), ('legs', 0.25), ('tail', 1.0), ('domestic', 0.0), ('catsize', 0.0)]",21306.0,0.0,0.0,10.263970851898193,2.5855000019073486,7.664562702178955,53.0
1.0,nn,zoo,sygus, (or (and hair milk) (and (not venomous) (> legs (/ 1 2)))),6.0,0.5384615384615384,"- threshold: 0.5
- specific_input: [1.0, 0.0, 0.0, 1.0, 1.0, 0.0, 0.0, 1.0, 1.0, 1.0, 0.0, 0.0, 0.25, 1.0, 0.0, 0.0]
- detailed_input: [('hair', 1.0), ('feathers', 0.0), ('eggs', 0.0), ('milk', 1.0), ('airborne', 1.0), ('aquatic', 0.0), ('predator', 0.0), ('toothed', 1.0), ('backbone', 1.0), ('breathes', 1.0), ('venomous', 0.0), ('fins', 0.0), ('legs', 0.25), ('tail', 1.0), ('domestic', 0.0), ('catsize', 0.0)]",118.0,1.0,0.0,11.007202386856079,9.265950679779053,0.7373714447021484,13.0
0.8333333333333334,nn,zoo,sygus, (or (and hair (or (and milk (or (and (not eggs) (or (and (not fins) (or (and (not feathers) (or (and backbone (or (and (not aquatic) (or (and breathes (or (and predator toothed venomous domestic catsize (not airborne) (not tail) (= legs (/ 841 1000))) (and airborne (or (and domestic (not toothed) (not tail) (not catsize) (not predator) (not venomous) (= legs (/ 99 1000))) (and tail (not domestic) (or (and toothed (= legs (/ 1 4)) (not catsize) (not predator) (not venomous)) (and (not toothed) (or (and predator venomous catsize (= legs (/ 387 1000))) (and (not catsize) (not predator) (not venomous) (= legs (/ 293 1000))))))))))) (and (not airborne) (not breathes) (or (and predator venomous tail domestic (not toothed) (not catsize) (= legs (/ 343 500))) (and toothed (not tail) (not domestic) (not predator) (or (and (not catsize) (= legs (/ 661 1000)) (not venomous)) (and venomous catsize (= legs (/ 717 1000))))))))) (and aquatic toothed domestic (not airborne) (or (and breathes catsize (not tail) (not predator) (not venomous) (= legs (/ 499 500))) (and predator venomous tail (not breathes) (not catsize) (= legs (/ 93 250))))))) (and airborne aquatic domestic (not backbone) (not tail) (not venomous) (or (and predator breathes (not toothed) (not catsize) (= legs (/ 413 500))) (and toothed catsize (not breathes) (not predator) (= legs (/ 39 200))))))) (and feathers catsize (or (and breathes venomous tail (not airborne) (not toothed) (not backbone) (not domestic) (not aquatic) (not predator) (= legs (/ 2 125))) (and toothed (or (and predator venomous tail domestic (not airborne) (not backbone) (not breathes) (not aquatic) (= legs (/ 157 250))) (and aquatic (not venomous) (or (and breathes domestic (not airborne) (not backbone) (not tail) (not predator) (= legs (/ 37 500))) (and airborne (not breathes) (not domestic) (or (and predator backbone tail (= legs (/ 191 200))) (and (not backbone) (not tail) (not predator) (= legs (/ 253 500))))))))))))) (and fins (or (and domestic (or (and aquatic predator toothed backbone (not airborne) (not breathes) (not tail) (not catsize) (not feathers) (not venomous) (= legs (/ 623 1000))) (and breathes (or (and aquatic predator toothed tail catsize (not airborne) (not backbone) (not feathers) (not venomous) (= legs (/ 151 1000))) (and feathers (not predator) (or (and airborne toothed tail (not backbone) (not catsize) (not aquatic) (not venomous) (= legs (/ 419 1000))) (and backbone catsize (not airborne) (or (and toothed tail (not aquatic) (not venomous) (= legs (/ 49 100))) (and aquatic (not toothed) (or (and (not tail) (not venomous) (= legs (/ 23 40))) (and venomous tail (= legs (/ 86 125))))))))))))) (and airborne (not breathes) (not feathers) (not domestic) (not predator) (or (and toothed backbone venomous (not tail) (not catsize) (not aquatic) (= legs (/ 369 1000))) (and aquatic tail catsize (not toothed) (not backbone) (not venomous) (= legs (/ 11 50))))))))) (and eggs (or (and aquatic toothed backbone breathes fins tail domestic (not airborne) (not catsize) (not feathers) (not predator) (not venomous) (= legs (/ 193 500))) (and catsize (or (and feathers toothed breathes fins domestic (not airborne) (not backbone) (not tail) (not aquatic) (not predator) (not venomous) (= legs (/ 179 500))) (and (not fins) (or (and feathers airborne predator toothed tail domestic (not backbone) (not breathes) (not aquatic) (not venomous) (= legs (/ 411 500))) (and (not feathers) (or (and predator toothed breathes venomous (not airborne) (not backbone) (not tail) (not domestic) (not aquatic) (= legs (/ 851 1000))) (and backbone (or (and toothed (or (and tail domestic (not airborne) (not breathes) (not aquatic) (not predator) (not venomous) (= legs (/ 243 500))) (and breathes (not tail) (or (and airborne domestic (not aquatic) (not predator) (not venomous) (= legs (/ 749 1000))) (and predator venomous (not airborne) (not domestic) (or (and aquatic (= legs (/ 47 1000))) (and (not aquatic) (= legs (/ 393 500))))))))) (and airborne (not toothed) (not venomous) (or (and breathes (not tail) (= legs (/ 217 500)) (not domestic) (not aquatic) (not predator)) (and aquatic predator tail domestic (not breathes) (= legs (/ 13 1000))))))))))))))))) (and toothed (not milk) (not venomous) (or (and feathers backbone breathes domestic (not airborne) (not tail) (not eggs) (not catsize) (= legs (/ 9 250)) (not aquatic) (not predator) (not fins)) (and predator (or (and eggs backbone breathes catsize (not airborne) (not tail) (not feathers) (not domestic) (not aquatic) (not fins) (= legs (/ 323 500))) (and (not eggs) (or (and backbone breathes domestic (not airborne) (not tail) (not catsize) (not feathers) (not aquatic) (not fins) (= legs (/ 66 125))) (and fins (or (and aquatic backbone breathes tail domestic (not airborne) (not catsize) (not feathers) (= legs (/ 81 250))) (and airborne catsize (or (and aquatic backbone domestic (not breathes) (not tail) (not feathers) (= legs (/ 1 5))) (and tail (or (and aquatic (not backbone) (not breathes) (not feathers) (not domestic) (= legs (/ 9 50))) (and feathers domestic (not aquatic) (or (and backbone breathes (= legs (/ 413 1000))) (and (not backbone) (not breathes) (= legs (/ 203 500))))))))))))))))))) (and milk (not hair) (not eggs) (or (and backbone fins tail catsize (not airborne) (not toothed) (not breathes) (not feathers) (not domestic) (not aquatic) (not predator) (not venomous) (= legs (/ 79 1000))) (and breathes (or (and predator toothed backbone tail (not airborne) (not catsize) (not feathers) (not domestic) (not aquatic) (not venomous) (not fins) (= legs (/ 483 1000))) (and airborne (or (and fins catsize (not toothed) (not backbone) (not tail) (not feathers) (not domestic) (not aquatic) (not predator) (not venomous) (= legs (/ 16 125))) (and toothed domestic (or (and aquatic tail (not backbone) (not catsize) (not feathers) (not predator) (not venomous) (not fins) (= legs (/ 73 250))) (and catsize (not tail) (not aquatic) (or (and feathers predator backbone fins (not venomous) (= legs (/ 517 1000))) (and venomous (not backbone) (not feathers) (not predator) (not fins) (= legs (/ 107 500)))))))))))))),576.0,0.9607843137254902,"- threshold: 0.5
- specific_input: [1.0, 0.0, 0.0, 1.0, 1.0, 0.0, 0.0, 1.0, 1.0, 1.0, 0.0, 0.0, 0.25, 1.0, 0.0, 0.0]
- detailed_input: [('hair', 1.0), ('feathers', 0.0), ('eggs', 0.0), ('milk', 1.0), ('airborne', 1.0), ('aquatic', 0.0), ('predator', 0.0), ('toothed', 1.0), ('backbone', 1.0), ('breathes', 1.0), ('venomous', 0.0), ('fins', 0.0), ('legs', 0.25), ('tail', 1.0), ('domestic', 0.0), ('catsize', 0.0)]",19784.0,0.0,0.0,10.049656391143799,2.503300189971924,7.532407283782959,51.0
1.0,nn,zoo,sygus, (or (and hair predator) (and (not eggs) breathes)),6.0,0.5384615384615384,"- threshold: 0.5
- specific_input: [1.0, 0.0, 0.0, 1.0, 1.0, 0.0, 0.0, 1.0, 1.0, 1.0, 0.0, 0.0, 0.25, 1.0, 0.0, 0.0]
- detailed_input: [('hair', 1.0), ('feathers', 0.0), ('eggs', 0.0), ('milk', 1.0), ('airborne', 1.0), ('aquatic', 0.0), ('predator', 0.0), ('toothed', 1.0), ('backbone', 1.0), ('breathes', 1.0), ('venomous', 0.0), ('fins', 0.0), ('legs', 0.25), ('tail', 1.0), ('domestic', 0.0), ('catsize', 0.0)]",40.0,1.0,0.0,11.008317947387695,9.285582065582275,0.718609094619751,13.0
0.8333333333333334,nn,zoo,sygus, (let ((_let_0 (= legs (/ 629 1000)))) (let ((_let_1 (= legs (/ 179 250)))) (or (and milk (or (and (not eggs) (or (and breathes (or (and (not venomous) (or (and toothed (or (and (not fins) (or (and (not predator) (or (and (not tail) (or (and (not hair) (or (and feathers aquatic backbone domestic catsize (not airborne) (= legs (/ 33 200))) (and airborne (not feathers) (or (and aquatic backbone catsize (not domestic) (= legs (/ 451 500))) (and (not backbone) (not aquatic) (not catsize) (or (and domestic (= legs (/ 14 25))) (and (not domestic) (= legs (/ 31 50))))))))) (and hair (not airborne) (not backbone) (not domestic) (or (and feathers catsize (not aquatic) (= legs (/ 159 500))) (and aquatic (not catsize) (not feathers) (= legs (/ 601 1000))))))) (and hair tail (not catsize) (or (and aquatic (not airborne) (not backbone) (not domestic) (not feathers) (= legs (/ 129 200))) (and airborne backbone (not aquatic) (or (and (= legs (/ 1 4)) (not domestic) (not feathers)) (and feathers domestic (= legs (/ 181 1000))))))))) (and predator tail domestic (or (and hair feathers aquatic (not airborne) (not backbone) (not catsize) _let_1) (and airborne (not hair) (not aquatic) (not feathers) (or (and backbone (not catsize) (= legs (/ 107 1000))) (and catsize (not backbone) (= legs (/ 487 500))))))))) (and fins (or (and airborne aquatic backbone catsize (not hair) (not tail) (not predator) (not domestic) (not feathers) (= legs (/ 169 500))) (and hair feathers predator (or (and tail domestic (not airborne) (not backbone) (not aquatic) (not catsize) (= legs (/ 83 200))) (and airborne catsize (or (and (not backbone) (not tail) (not aquatic) (not domestic) _let_0) (and backbone domestic (or (and (not tail) (not aquatic) (= legs (/ 29 125))) (and aquatic tail (= legs (/ 173 200))))))))))))) (and domestic (not toothed) (or (and hair feathers (not airborne) (not backbone) (not tail) (not aquatic) (not predator) (not catsize) (not fins) (= legs (/ 617 1000))) (and tail (not feathers) (or (and hair predator catsize (not airborne) (not backbone) (not aquatic) (not fins) (= legs (/ 32 125))) (and backbone (or (and hair airborne catsize (not aquatic) (not predator) (not fins) (= legs (/ 397 500))) (and (not hair) (not airborne) (or (and aquatic predator fins (not catsize) (= legs (/ 309 1000))) (and (not aquatic) (not predator) (not fins) (or (and (not catsize) (= legs (/ 259 1000))) (and catsize (= legs (/ 93 500))))))))))))))) (and venomous catsize (or (and predator toothed backbone fins tail (not hair) (not airborne) (not aquatic) (not domestic) (not feathers) (= legs (/ 153 200))) (and hair (not fins) (or (and airborne (or (and domestic (not toothed) (not backbone) (not tail) (not aquatic) (not predator) (not feathers) (= legs (/ 993 1000))) (and toothed (or (and aquatic predator backbone domestic (not tail) (not feathers) (= legs (/ 197 200))) (and feathers tail (or (and predator (not backbone) (not aquatic) (not domestic) (= legs (/ 321 500))) (and aquatic backbone domestic (not predator) (= legs (/ 137 500))))))))) (and (not airborne) (not feathers) (or (and aquatic predator toothed tail domestic (not backbone) (= legs (/ 4 25))) (and backbone (not toothed) (not tail) (not aquatic) (not predator) (not domestic) _let_0))))))))) (and (not breathes) (or (and airborne aquatic backbone tail catsize (not hair) (not toothed) (not predator) (not venomous) (not domestic) (not feathers) (not fins) (= legs (/ 21 40))) (and toothed (or (and aquatic predator backbone venomous tail catsize (not hair) (not airborne) (not domestic) (not feathers) (= legs (/ 679 1000)) (not fins)) (and hair (or (and airborne venomous fins tail domestic (not backbone) (not aquatic) (not predator) (not catsize) (not feathers) (= legs (/ 69 125))) (and catsize (or (and aquatic predator backbone venomous tail (not airborne) (not domestic) (not feathers) (not fins) (= legs (/ 91 125))) (and feathers (not tail) (or (and aquatic predator backbone domestic (not airborne) (not venomous) (= legs (/ 281 1000)) (not fins)) (and airborne fins (not aquatic) (or (and predator backbone venomous domestic (= legs (/ 253 500))) (and (not backbone) (not predator) (not venomous) (not domestic) (= legs (/ 673 1000))))))))))))))))) (and eggs (or (and toothed tail catsize (not hair) (not airborne) (not backbone) (not breathes) (not aquatic) (not predator) (not venomous) (not domestic) (not feathers) (not fins) (= legs (/ 577 1000))) (and hair (or (and aquatic predator toothed backbone domestic (not airborne) (not breathes) (not tail) (not venomous) (not catsize) (not feathers) (= legs (/ 93 250)) (not fins)) (and breathes (or (and backbone (not airborne) (not toothed) (not tail) (not aquatic) (not predator) (not venomous) (not domestic) (not catsize) (not feathers) (not fins) (= legs (/ 783 1000))) (and catsize (or (and feathers toothed fins (not airborne) (not backbone) (not tail) (not aquatic) (not predator) (not venomous) (not domestic) (= legs (/ 307 1000))) (and tail (not feathers) (not fins) (or (and airborne predator (not toothed) (not backbone) (not aquatic) (not venomous) (not domestic) (= legs (/ 169 1000))) (and domestic (not airborne) (or (and toothed (not backbone) (not aquatic) (not predator) (not venomous) (= legs (/ 26 125))) (and aquatic (or (and toothed backbone venomous (not predator) (= legs (/ 71 1000))) (and predator (not toothed) (not backbone) (not venomous) _let_1))))))))))))))))) (and hair (not milk) (not eggs) (or (and feathers airborne breathes tail domestic catsize (not toothed) (not backbone) (not aquatic) (not predator) (not venomous) (not fins) (= legs (/ 13 1000))) (and backbone (not feathers) (or (and aquatic toothed domestic (not airborne) (not breathes) (not tail) (not predator) (not venomous) (not catsize) (= legs (/ 239 1000)) (not fins)) (and breathes tail catsize (not toothed) (or (and airborne aquatic fins (not predator) (not venomous) (not domestic) (= legs (/ 101 1000))) (and (not aquatic) (or (and venomous domestic (not airborne) (not predator) (not fins) (= legs (/ 189 250))) (and predator (not domestic) (or (and airborne (not venomous) (not fins) (= legs (/ 39 200))) (and (not airborne) (or (and fins (not venomous) (= legs (/ 114 125))) (and venomous (not fins) (= legs (/ 251 500)))))))))))))))))),589.0,0.9629629629629629,"- threshold: 0.5
- specific_input: [1.0, 0.0, 0.0, 1.0, 1.0, 0.0, 0.0, 1.0, 1.0, 1.0, 0.0, 0.0, 0.25, 1.0, 0.0, 0.0]
- detailed_input: [('hair', 1.0), ('feathers', 0.0), ('eggs', 0.0), ('milk', 1.0), ('airborne', 1.0), ('aquatic', 0.0), ('predator', 0.0), ('toothed', 1.0), ('backbone', 1.0), ('breathes', 1.0), ('venomous', 0.0), ('fins', 0.0), ('legs', 0.25), ('tail', 1.0), ('domestic', 0.0), ('catsize', 0.0)]",22085.0,0.0,0.0,10.101933002471924,2.433419942855835,7.654419183731079,54.0
0.5333333333333333,nn,iris,sygus, (or (and (< sepal-length (/ 1 2)) (< petal-width (/ 1 2))) (and (< sepal-length (/ 3 4)) (and (< sepal-width (/ 1 2)) (> petal-length (/ 1 2))))),7.0,0.5454545454545454,"- threshold: 0.5
- specific_input: [0.38888888888888884, 0.25, 0.423728813559322, 0.375]
- detailed_input: [('sepal-length', 0.38888888888888884), ('sepal-width', 0.25), ('petal-length', 0.423728813559322), ('petal-width', 0.375)]",145.0,1.0,0.0,11.01162052154541,9.419108390808105,0.589057207107544,11.0
0.8,nn,iris,sygus, (or (and (= sepal-length (/ 9722222222222221 25000000000000000)) (= sepal-width (/ 1 4)) (= petal-length (/ 211864406779661 500000000000000)) (= petal-width (/ 3 8))) (and (= sepal-length (/ 357 500)) (= sepal-width (/ 203 1000)) (= petal-length (/ 11 500)) (= petal-width (/ 191 1000))) (and (= sepal-length (/ 553 1000)) (= sepal-width (/ 37 200)) (= petal-length (/ 239 1000)) (= petal-width (/ 29 125))) (and (= sepal-length (/ 12 125)) (= sepal-width (/ 193 500)) (= petal-length (/ 397 500)) (= petal-width (/ 7 40))) (and (= sepal-length (/ 823 1000)) (= sepal-width (/ 3 100)) (= petal-length (/ 877 1000)) (= petal-width (/ 89 1000))) (and (= sepal-length (/ 189 1000)) (= sepal-width (/ 131 1000)) (= petal-length (/ 217 250)) (= petal-width (/ 671 1000))) (and (= sepal-length (/ 81 200)) (= sepal-width (/ 33 250)) (= petal-length (/ 67 200)) (= petal-width (/ 9 125))) (and (= sepal-length (/ 119 200)) (= sepal-width (/ 8 125)) (= petal-length (/ 871 1000)) (= petal-width (/ 43 100))) (and (= sepal-length (/ 249 250)) (= sepal-width (/ 293 1000)) (= petal-length (/ 163 250)) (= petal-width (/ 1 5))) (and (= sepal-length (/ 1 8)) (= sepal-width (/ 59 1000)) (= petal-length (/ 19 50)) (= petal-width (/ 117 1000))) (and (= sepal-length (/ 61 1000)) (= sepal-width (/ 391 1000)) (= petal-length (/ 229 250)) (= petal-width (/ 127 1000))) (and (= sepal-length (/ 663 1000)) (= sepal-width (/ 39 200)) (= petal-length (/ 797 1000)) (= petal-width (/ 279 1000))) (and (= sepal-length (/ 67 125)) (= sepal-width (/ 21 50)) (= petal-length (/ 461 500)) (= petal-width (/ 261 500))) (and (= sepal-length (/ 291 1000)) (= sepal-width (/ 53 1000)) (= petal-length (/ 413 1000)) (= petal-width (/ 283 500))) (and (= sepal-length (/ 14 25)) (= sepal-width (/ 187 500)) (= petal-length (/ 497 1000)) (= petal-width (/ 21 50))) (and (= sepal-length (/ 9 125)) (= sepal-width (/ 1 50)) (= petal-length (/ 289 500)) (= petal-width (/ 171 1000))) (and (= sepal-length (/ 541 1000)) (= sepal-width (/ 52 125)) (= petal-length (/ 193 250)) (= petal-width (/ 9 200))) (and (= sepal-length (/ 46 125)) (= sepal-width (/ 89 500)) (= petal-length (/ 377 500)) (= petal-width (/ 709 1000))) (and (= sepal-length (/ 187 250)) (= sepal-width (/ 473 1000)) (= petal-length (/ 83 125)) (= petal-width (/ 51 500))) (and (= sepal-length (/ 363 1000)) (= sepal-width (/ 173 500)) (= petal-length (/ 99 125)) (= petal-width (/ 319 1000))) (and (= sepal-length (/ 991 1000)) (= sepal-width (/ 217 500)) (= petal-length (/ 243 500)) (= petal-width (/ 19 200))) (and (= sepal-length (/ 27 200)) (= sepal-width (/ 23 50)) (= petal-length (/ 187 200)) (= petal-width (/ 11 40))) (and (= sepal-length (/ 147 500)) (= sepal-width (/ 307 500)) (= petal-length (/ 873 1000)) (= petal-width (/ 14 125))) (and (= sepal-length (/ 12 25)) (= sepal-width (/ 27 200)) (= petal-length (/ 829 1000)) (= petal-width (/ 33 50))) (and (= sepal-length (/ 421 1000)) (= sepal-width (/ 13 500)) (= petal-length (/ 283 500)) (= petal-width (/ 233 500))) (and (= sepal-length (/ 54 125)) (= sepal-width (/ 31 200)) (= petal-length (/ 217 500)) (= petal-width (/ 7 20))) (and (= sepal-length (/ 37 40)) (= sepal-width (/ 17 100)) (= petal-length (/ 869 1000)) (= petal-width (/ 503 1000))) (and (= sepal-length (/ 171 200)) (= sepal-width (/ 93 1000)) (= petal-length (/ 78 125)) (= petal-width (/ 623 1000))) (and (= sepal-length (/ 57 250)) (= sepal-width (/ 61 1000)) (= petal-length (/ 53 250)) (= petal-width (/ 307 1000))) (and (= sepal-length (/ 43 250)) (= sepal-width (/ 43 1000)) (= petal-length (/ 87 500)) (= petal-width (/ 469 1000))) (and (= sepal-length (/ 347 1000)) (= sepal-width (/ 249 1000)) (= petal-length (/ 467 500)) (= petal-width (/ 14 25))) (and (= sepal-length (/ 801 1000)) (= sepal-width (/ 3 10)) (= petal-length (/ 167 1000)) (= petal-width (/ 89 250))) (and (= sepal-length (/ 33 500)) (= sepal-width (/ 19 200)) (= petal-length (/ 851 1000)) (= petal-width (/ 3 10))) (and (= sepal-length (/ 19 125)) (= sepal-width (/ 269 500)) (= petal-length (/ 999 1000)) (= petal-width (/ 57 250))) (and (= sepal-length (/ 291 500)) (= sepal-width (/ 83 1000)) (= petal-length (/ 959 1000)) (= petal-width (/ 43 125))) (and (= sepal-length (/ 103 125)) (or (and (= sepal-width (/ 263 1000)) (= petal-length (/ 929 1000)) (= petal-width (/ 271 500))) (and (= sepal-width (/ 159 500)) (= petal-length (/ 383 500)) (= petal-width (/ 123 1000))))) (and (= petal-length (/ 467 1000)) (or (and (= sepal-length (/ 397 1000)) (= sepal-width (/ 147 1000)) (= petal-width (/ 21 125))) (and (= sepal-length (/ 39 40)) (= sepal-width (/ 493 1000)) (= petal-width (/ 41 500))))) (and (= sepal-width (/ 367 1000)) (or (and (= sepal-length (/ 931 1000)) (= petal-length (/ 183 1000)) (= petal-width (/ 129 1000))) (and (= sepal-length (/ 289 500)) (= petal-length (/ 493 1000)) (= petal-width (/ 181 1000))))) (and (= sepal-width (/ 1 500)) (or (and (= sepal-length (/ 137 1000)) (= petal-length (/ 391 500)) (= petal-width (/ 26 125))) (and (= sepal-length (/ 4 125)) (= petal-length (/ 493 500)) (= petal-width (/ 41 125))))) (and (= sepal-width (/ 29 500)) (or (and (= sepal-length (/ 23 100)) (= petal-length (/ 733 1000)) (= petal-width (/ 29 50))) (and (= sepal-length (/ 43 200)) (= petal-length (/ 52 125)) (= petal-width (/ 229 500))))) (and (= sepal-width (/ 289 1000)) (or (and (= sepal-length (/ 153 250)) (= petal-length (/ 407 1000)) (= petal-width (/ 28 125))) (and (= sepal-length (/ 817 1000)) (= petal-length (/ 7 25)) (= petal-width (/ 477 1000)))))),241.0,0.9591836734693877,"- threshold: 0.5
- specific_input: [0.38888888888888884, 0.25, 0.423728813559322, 0.375]
- detailed_input: [('sepal-length', 0.38888888888888884), ('sepal-width', 0.25), ('petal-length', 0.423728813559322), ('petal-width', 0.375)]",18322.0,0.0,0.0,10.224692821502686,1.903855323791504,8.308364152908325,49.0
0.8281487926908854,nn,adult,sygus, (or (and race_0 race_2) (and (not race_1) (< capital-loss (/ 1 2)))),6.0,0.45454545454545453,"- threshold: 0.5
- specific_input: [1.0, 0.2465753424657534, 0.5333333333333333, 0.0, 0.0, 0.39795918367346933, 0.0, 0.0, 0.0, 0.0, 1.0]
- detailed_input: [('sex', 1.0), ('age', 0.2465753424657534), ('education-num', 0.5333333333333333), ('capital-gain', 0.0), ('capital-loss', 0.0), ('hours-per-week', 0.39795918367346933), ('race_0', 0.0), ('race_1', 0.0), ('race_2', 0.0), ('race_3', 0.0), ('race_4', 1.0)]",174.0,1.0,0.0,11.007454633712769,7.645510196685791,2.3584587574005127,11.0
0.16423754622579945,nn,adult,sygus, (let ((_let_0 (= age (/ 127 1000)))) (let ((_let_1 (= capital-gain (/ 6 125)))) (let ((_let_2 (= capital-loss (/ 53 500)))) (let ((_let_3 (= capital-gain (/ 11 50)))) (or (and race_4 (or (and sex (or (and race_0 (or (and race_1 (or (and race_2 (or (and race_3 (or (and _let_0 (= education-num (/ 9 200)) (= capital-gain (/ 981 1000)) (= capital-loss (/ 179 250)) (= hours-per-week (/ 89 250))) (and (= age (/ 89 1000)) (= education-num (/ 237 500)) (= capital-gain (/ 117 200)) (= capital-loss (/ 51 250)) (= hours-per-week (/ 449 500))) (and _let_2 (= age (/ 53 200)) (= education-num (/ 87 500)) (= capital-gain (/ 193 250)) (= hours-per-week (/ 23 100))))) (and (not race_3) (or (and (= age (/ 116 125)) (= education-num (/ 401 1000)) (= capital-gain (/ 59 250)) (= capital-loss (/ 82 125)) (= hours-per-week (/ 97 500))) (and (= age (/ 149 1000)) (= education-num (/ 1 500)) (= capital-gain (/ 31 200)) _let_2 (= hours-per-week (/ 22 25))))))) (and race_3 (not race_2) (or (and (= age (/ 249 1000)) (= education-num (/ 191 200)) (= capital-gain (/ 131 1000)) (= capital-loss (/ 459 1000)) (= hours-per-week (/ 86 125))) (and (= age (/ 367 1000)) (= education-num (/ 143 1000)) (= capital-gain (/ 19 50)) (= capital-loss (/ 773 1000)) (= hours-per-week (/ 49 500))))))) (and (not race_1) (not race_3) (or (and (not race_2) (= age (/ 159 250)) (= education-num (/ 77 1000)) (= capital-gain (/ 7 200)) (= capital-loss (/ 51 500)) (= hours-per-week (/ 267 1000))) (and race_2 (or (and _let_0 (= education-num (/ 367 500)) (= capital-gain (/ 97 500)) (= capital-loss (/ 7 8)) (= hours-per-week (/ 69 500))) (and (= age (/ 51 1000)) (= education-num (/ 72 125)) _let_3 (= capital-loss (/ 147 250)) (= hours-per-week (/ 53 125))))))))) (and (not race_0) (or (and (not race_2) (or (and race_3 (not race_1) (= age (/ 53 1000)) (= education-num (/ 437 500)) (= capital-gain (/ 57 500)) (= capital-loss (/ 4 5)) (= hours-per-week (/ 131 500))) (and (not race_3) (or (and (= age (/ 1232876712328767 5000000000000000)) (= education-num (/ 5333333333333333 10000000000000000)) (= capital-gain 0.0) (= capital-loss 0.0) (= hours-per-week (/ 39795918367346933 100000000000000000)) (not race_1)) (and race_1 (or (and (= age (/ 891 1000)) (= education-num (/ 147 1000)) _let_1 (= capital-loss (/ 389 500)) (= hours-per-week (/ 59 1000))) (and (= age (/ 31 250)) (= education-num (/ 859 1000)) (= capital-gain (/ 11 1000)) (= capital-loss (/ 627 1000)) (= hours-per-week (/ 143 1000))))))))) (and race_2 (not race_1) (or (and (= age (/ 429 1000)) (= education-num (/ 441 1000)) (= capital-gain (/ 3 50)) (= capital-loss (/ 403 500)) (= hours-per-week (/ 23 50)) (not race_3)) (and race_3 (= age (/ 173 1000)) (= education-num (/ 301 500)) (= capital-gain (/ 119 1000)) (= capital-loss (/ 969 1000)) (= hours-per-week (/ 411 1000))))))))) (and (not sex) (or (and race_0 race_2 (not race_1) (not race_3) _let_3 (= age (/ 527 1000)) (= education-num (/ 813 1000)) (= capital-loss (/ 119 1000)) (= hours-per-week (/ 181 500))) (and (not race_2) (or (and race_3 (not race_0) (not race_1) (= age (/ 47 1000)) (= education-num (/ 67 1000)) (= capital-gain (/ 311 1000)) (= capital-loss (/ 17 200)) (= hours-per-week (/ 104 125))) (and (not race_3) (or (and (not race_0) (not race_1) (= age (/ 337 500)) (= education-num (/ 393 1000)) (= capital-gain (/ 13 500)) (= capital-loss (/ 721 1000)) (= hours-per-week (/ 17 100))) (and race_0 race_1 (or (and (= age (/ 157 1000)) (= education-num (/ 231 500)) (= capital-gain (/ 79 500)) (= capital-loss (/ 203 1000)) (= hours-per-week (/ 31 40))) (and (= age (/ 163 1000)) (= education-num (/ 481 1000)) (= capital-gain (/ 107 500)) (= capital-loss (/ 133 500)) (= hours-per-week (/ 121 125))))))))))))) (and sex (not race_4) (not race_2) (not race_0) (or (and race_1 (not race_3) (= age (/ 193 200)) (= education-num (/ 3 8)) (= capital-gain (/ 3 125)) (= capital-loss (/ 13 20)) (= hours-per-week (/ 221 250))) (and race_3 (not race_1) _let_1 (= age (/ 61 250)) (= education-num (/ 193 1000)) (= capital-loss (/ 8 25)) (= hours-per-week (/ 177 200)))))))))),224.0,0.92,"- threshold: 0.5
- specific_input: [1.0, 0.2465753424657534, 0.5333333333333333, 0.0, 0.0, 0.39795918367346933, 0.0, 0.0, 0.0, 0.0, 1.0]
- detailed_input: [('sex', 1.0), ('age', 0.2465753424657534), ('education-num', 0.5333333333333333), ('capital-gain', 0.0), ('capital-loss', 0.0), ('hours-per-week', 0.39795918367346933), ('race_0', 0.0), ('race_1', 0.0), ('race_2', 0.0), ('race_3', 0.0), ('race_4', 1.0)]",5056.0,0.0,0.0,10.379866600036621,1.0490798950195312,9.324979066848755,25.0
0.625,nn,zoo,sygus, (or (not feathers) (and (not eggs) (and breathes (not venomous)))),5.0,0.46153846153846156,"- threshold: 0.5
- specific_input: [0.0, 1.0, 1.0, 0.0, 1.0, 1.0, 1.0, 0.0, 1.0, 1.0, 0.0, 0.0, 0.25, 1.0, 0.0, 0.0]
- detailed_input: [('hair', 0.0), ('feathers', 1.0), ('eggs', 1.0), ('milk', 0.0), ('airborne', 1.0), ('aquatic', 1.0), ('predator', 1.0), ('toothed', 0.0), ('backbone', 1.0), ('breathes', 1.0), ('venomous', 0.0), ('fins', 0.0), ('legs', 0.25), ('tail', 1.0), ('domestic', 0.0), ('catsize', 0.0)]",243.0,1.0,0.0,11.009716749191284,9.353339433670044,0.6524548530578613,13.0
0.875,nn,zoo,sygus, (let ((_let_0 (= legs (/ 121 1000)))) (or (and (not venomous) (or (and breathes (or (and hair (or (and (not eggs) (or (and aquatic (or (and milk (or (and feathers (or (and airborne (or (and toothed (or (and tail (not predator) (not backbone) (not domestic) (not catsize) (not fins) (= legs (/ 281 1000))) (and predator (or (and fins domestic (not backbone) (not tail) (not catsize) (= legs (/ 93 250))) (and backbone (or (and fins tail domestic (not catsize) (= legs (/ 529 1000))) (and catsize (not tail) (not domestic) (not fins) (= legs (/ 483 1000))))))))) (and catsize (not predator) (not toothed) (or (and fins tail (not backbone) (not domestic) (= legs (/ 233 250))) (and backbone domestic (not tail) (not fins) (= legs (/ 119 500))))))) (and (not toothed) (not tail) (not airborne) (or (and backbone catsize (not predator) (not domestic) _let_0 (not fins)) (and predator domestic (not catsize) (or (and backbone (not fins) (= legs (/ 167 200))) (and fins (not backbone) (= legs (/ 87 200))))))))) (and tail (not feathers) (or (and toothed backbone domestic (not predator) (not catsize) (not airborne) (not fins) (= legs (/ 727 1000))) (and predator (or (and domestic (not toothed) (not backbone) (not catsize) (not airborne) (not fins) (= legs (/ 329 1000))) (and airborne fins (or (and toothed catsize (not backbone) (not domestic) (= legs (/ 33 40))) (and (not toothed) (not catsize) (or (and backbone (not domestic) (= legs (/ 9 25))) (and domestic (not backbone) (= legs (/ 223 1000))))))))))))) (and (not milk) (or (and airborne toothed backbone domestic (not feathers) (not predator) (not tail) (not catsize) (not fins) (= legs (/ 243 500))) (and tail catsize (or (and feathers toothed domestic (not predator) (not backbone) (not airborne) (not fins) (= legs (/ 89 125))) (and predator (or (and feathers backbone fins domestic (not toothed) (not airborne) (= legs (/ 71 100))) (and airborne (not feathers) (not backbone) (or (and toothed fins (not domestic) (= legs (/ 481 1000))) (and domestic (not toothed) (not fins) (= legs (/ 11 200))))))))))))) (and feathers catsize (not aquatic) (or (and airborne predator backbone domestic (not milk) (not toothed) (not tail) (not fins) (= legs (/ 241 1000))) (and toothed (or (and predator tail (not milk) (not backbone) (not domestic) (not airborne) (not fins) (= legs (/ 343 500))) (and backbone (or (and milk predator tail domestic (not airborne) (not fins) (= legs (/ 271 500))) (and airborne (not domestic) (or (and tail (not milk) (not predator) (not fins) (= legs (/ 62 125))) (and fins (or (and predator tail (not milk) (= legs (/ 393 1000))) (and milk (or (and predator (not tail) (= legs (/ 303 500))) (and tail (not predator) (= legs (/ 249 1000))))))))))))))))) (and eggs milk (or (and aquatic predator fins catsize (not feathers) (not toothed) (not backbone) (not tail) (not domestic) (not airborne) (= legs (/ 383 500))) (and domestic (or (and feathers airborne predator toothed fins tail catsize (not backbone) (not aquatic) (= legs (/ 23 200))) (and backbone (or (and aquatic predator tail (not feathers) (not toothed) (not catsize) (not airborne) (not fins) (= legs (/ 343 1000))) (and (not aquatic) (or (and feathers tail catsize (not predator) (not toothed) (not airborne) (not fins) (= legs (/ 147 500))) (and toothed (or (and feathers tail (not predator) (not catsize) (not airborne) (not fins) (= legs (/ 799 1000))) (and airborne (not feathers) (not tail) (or (and (not predator) (not catsize) (not fins) (= legs (/ 127 1000))) (and predator fins catsize (= legs (/ 187 500))))))))))))))))) (and catsize (not hair) (not eggs) (or (and milk airborne aquatic backbone domestic (not feathers) (not predator) (not toothed) (not tail) (not fins) (= legs (/ 12 25))) (and predator (or (and aquatic toothed fins tail domestic (not feathers) (not milk) (not backbone) (not airborne) (= legs (/ 21 125))) (and backbone (or (and toothed tail (not feathers) (not milk) (not domestic) (not aquatic) (not airborne) (not fins) (= legs (/ 11 25))) (and milk (or (and feathers toothed (not tail) (not domestic) (not aquatic) (not airborne) (not fins) (= legs (/ 52 125))) (and fins (not feathers) (or (and tail (not toothed) (not domestic) (not aquatic) (not airborne) (= legs (/ 651 1000))) (and airborne aquatic domestic (or (and tail (not toothed) (= legs (/ 19 25))) (and toothed (not tail) (= legs (/ 143 1000))))))))))))))))) (and predator (not breathes) (or (and hair airborne aquatic backbone domestic catsize (not feathers) (not milk) (not toothed) (not tail) (not fins) (not eggs) (= legs (/ 57 1000))) (and milk tail (or (and hair feathers aquatic fins catsize (not toothed) (not backbone) (not domestic) (not airborne) (not eggs) (= legs (/ 573 1000))) (and backbone (or (and hair feathers fins domestic (not toothed) (not aquatic) (not catsize) (not airborne) (not eggs) (= legs (/ 831 1000))) (and toothed (or (and hair feathers eggs aquatic catsize (not domestic) (not airborne) (not fins) (= legs (/ 637 1000))) (and domestic (or (and hair eggs airborne aquatic catsize (not feathers) (not fins) (= legs (/ 893 1000))) (and (not catsize) (not eggs) (or (and airborne (not feathers) (not hair) (not aquatic) (not fins) (= legs (/ 379 500))) (and feathers (not airborne) (or (and (= legs (/ 63 1000)) (not hair) (not aquatic) (not fins)) (and hair aquatic fins (= legs (/ 57 200))))))))))))))))))) (and hair milk aquatic predator venomous tail catsize (not eggs) (or (and feathers toothed backbone breathes fins (not domestic) (not airborne) (= legs (/ 4 25))) (and airborne (or (and breathes fins domestic (not feathers) (not toothed) (not backbone) (= legs (/ 47 1000))) (and toothed backbone (not fins) (or (and breathes (not feathers) (not domestic) _let_0) (and feathers domestic (or (and breathes (= legs (/ 66 125))) (and (not breathes) (= legs (/ 9 500))))))))))))),577.0,0.9464285714285714,"- threshold: 0.5
- specific_input: [0.0, 1.0, 1.0, 0.0, 1.0, 1.0, 1.0, 0.0, 1.0, 1.0, 0.0, 0.0, 0.25, 1.0, 0.0, 0.0]
- detailed_input: [('hair', 0.0), ('feathers', 1.0), ('eggs', 1.0), ('milk', 0.0), ('airborne', 1.0), ('aquatic', 1.0), ('predator', 1.0), ('toothed', 0.0), ('backbone', 1.0), ('breathes', 1.0), ('venomous', 0.0), ('fins', 0.0), ('legs', 0.25), ('tail', 1.0), ('domestic', 0.0), ('catsize', 0.0)]",23705.0,0.0,0.0,10.255934953689575,2.6636080741882324,7.577319383621216,56.0
0.9285714285714286,nn,iris,sygus, (or (and (> petal-length (/ 1 4)) (< petal-width (/ 1 4))) (and (< sepal-length (/ 3 4)) (and (< sepal-width (/ 1 4)) (< petal-width (/ 3 4))))),7.0,0.4166666666666667,"- threshold: 0.5
- specific_input: [0.4722222222222223, 0.29166666666666674, 0.6949152542372881, 0.6250000000000001]
- detailed_input: [('sepal-length', 0.4722222222222223), ('sepal-width', 0.29166666666666674), ('petal-length', 0.6949152542372881), ('petal-width', 0.6250000000000001)]",119.0,1.0,0.0,11.0073881149292,9.318756341934204,0.6850800514221191,12.0
0.7857142857142857,nn,iris,sygus, (or (and (= sepal-length (/ 31 250)) (= sepal-width (/ 377 1000)) (= petal-length (/ 769 1000)) (= petal-width (/ 29 100))) (and (= sepal-length (/ 707 1000)) (= sepal-width (/ 333 1000)) (= petal-length (/ 257 500)) (= petal-width (/ 7 20))) (and (= sepal-length (/ 13 20)) (= sepal-width (/ 59 200)) (= petal-length (/ 3 4)) (= petal-width (/ 223 1000))) (and (= sepal-length (/ 84 125)) (= sepal-width (/ 41 250)) (= petal-length (/ 867 1000)) (= petal-width (/ 273 500))) (and (= sepal-length (/ 749 1000)) (= sepal-width (/ 239 500)) (= petal-length (/ 103 125)) (= petal-width (/ 63 250))) (and (= sepal-length (/ 58 125)) (= sepal-width (/ 17 50)) (= petal-length (/ 643 1000)) (= petal-width (/ 49 125))) (and (= sepal-length (/ 401 1000)) (= sepal-width (/ 81 1000)) (= petal-length (/ 67 125)) (= petal-width (/ 89 1000))) (and (= sepal-length (/ 27 250)) (= sepal-width (/ 63 125)) (= petal-length (/ 49 50)) (= petal-width (/ 221 1000))) (and (= sepal-length (/ 991 1000)) (= sepal-width (/ 9 1000)) (= petal-length (/ 98 125)) (= petal-width (/ 11 500))) (and (= sepal-length (/ 827 1000)) (= sepal-width (/ 429 1000)) (= petal-length (/ 66 125)) (= petal-width (/ 69 1000))) (and (= sepal-length (/ 107 500)) (= sepal-width (/ 1 100)) (= petal-length (/ 977 1000)) (= petal-width (/ 13 200))) (and (= sepal-length (/ 153 1000)) (= sepal-width (/ 227 1000)) (= petal-length (/ 757 1000)) (= petal-width (/ 52 125))) (and (= sepal-length (/ 189 1000)) (= sepal-width (/ 273 1000)) (= petal-length (/ 111 250)) (= petal-width (/ 167 1000))) (and (= sepal-length (/ 141 200)) (= sepal-width (/ 17 40)) (= petal-length (/ 887 1000)) (= petal-width (/ 9 20))) (and (= sepal-length (/ 87 200)) (= sepal-width (/ 36 125)) (= petal-length (/ 603 1000)) (= petal-width (/ 22 125))) (and (= sepal-length (/ 541 1000)) (= sepal-width (/ 17 125)) (= petal-length (/ 247 500)) (= petal-width (/ 171 500))) (and (= sepal-length (/ 123 1000)) (= sepal-width (/ 1 125)) (= petal-length (/ 391 1000)) (= petal-width (/ 439 1000))) (and (= sepal-length (/ 499 1000)) (= sepal-width (/ 32 125)) (= petal-length (/ 169 250)) (= petal-width (/ 371 1000))) (and (= sepal-length (/ 33 500)) (= sepal-width (/ 1 50)) (= petal-length (/ 847 1000)) (= petal-width (/ 411 1000))) (and (= sepal-length (/ 967 1000)) (= sepal-width (/ 111 1000)) (= petal-length (/ 173 500)) (= petal-width (/ 49 1000))) (and (= sepal-length (/ 909 1000)) (= sepal-width (/ 38 125)) (= petal-length (/ 23 250)) (= petal-width (/ 11 250))) (and (= sepal-length (/ 309 500)) (= sepal-width (/ 3 500)) (= petal-length (/ 33 250)) (= petal-width (/ 4 25))) (and (= sepal-length (/ 7 500)) (= sepal-width (/ 49 500)) (= petal-length (/ 23 25)) (= petal-width (/ 337 500))) (and (= sepal-length (/ 89 500)) (= sepal-width (/ 27 500)) (= petal-length (/ 71 100)) (= petal-width (/ 207 500))) (and (= sepal-length (/ 69 500)) (= sepal-width (/ 33 100)) (= petal-length (/ 569 1000)) (= petal-width (/ 39 125))) (and (= sepal-length (/ 29 125)) (= sepal-width (/ 283 1000)) (= petal-length (/ 891 1000)) (= petal-width (/ 101 500))) (and (= sepal-length (/ 13 500)) (= sepal-width (/ 317 1000)) (= petal-length (/ 651 1000)) (= petal-width (/ 157 250))) (and (= sepal-length (/ 11 100)) (= sepal-width (/ 17 500)) (= petal-length (/ 287 500)) (= petal-width (/ 1 1000))) (and (= sepal-length (/ 429 500)) (= sepal-width (/ 161 1000)) (= petal-length (/ 73 250)) (= petal-width (/ 11 40))) (and (= sepal-length (/ 3 40)) (= sepal-width (/ 21 100)) (= petal-length (/ 121 200)) (= petal-width (/ 329 1000))) (and (= sepal-length (/ 599 1000)) (= sepal-width (/ 153 1000)) (= petal-length (/ 893 1000)) (= petal-width (/ 191 500))) (and (= sepal-length (/ 91 500)) (= sepal-width (/ 29 1000)) (= petal-length (/ 131 200)) (= petal-width (/ 839 1000))) (and (= sepal-length (/ 469 500)) (= sepal-width (/ 183 500)) (= petal-length (/ 141 200)) (= petal-width (/ 227 500))) (and (= sepal-length (/ 923 1000)) (= sepal-width (/ 327 1000)) (= petal-length (/ 641 1000)) (= petal-width (/ 51 100))) (and (= sepal-length (/ 113 125)) (= sepal-width (/ 1 20)) (= petal-length (/ 649 1000)) (= petal-width (/ 13 20))) (and (= sepal-length (/ 421 1000)) (= sepal-width (/ 363 1000)) (= petal-length (/ 197 250)) (= petal-width (/ 37 200))) (and (= sepal-length (/ 37 40)) (= sepal-width (/ 21 125)) (= petal-length (/ 861 1000)) (= petal-width (/ 403 1000))) (and (= sepal-length (/ 59 100)) (= sepal-width (/ 71 1000)) (= petal-length (/ 959 1000)) (= petal-width (/ 251 1000))) (and (= sepal-length (/ 339 1000)) (= sepal-width (/ 19 250)) (= petal-length (/ 607 1000)) (= petal-width (/ 46 125))) (and (= petal-length (/ 209 500)) (or (and (= sepal-length (/ 73 1000)) (= sepal-width (/ 1 250)) (= petal-width (/ 41 250))) (and (= sepal-length (/ 1 20)) (= sepal-width (/ 31 500)) (= petal-width (/ 207 1000))))) (and (= petal-length (/ 427 500)) (or (and (= sepal-length (/ 693 1000)) (= sepal-width (/ 51 1000)) (= petal-width (/ 127 1000))) (and (= sepal-length (/ 281 500)) (= sepal-width (/ 169 250)) (= petal-width (/ 12 125))))) (and (= sepal-length (/ 321 500)) (or (and (= sepal-width (/ 207 1000)) (= petal-length (/ 423 1000)) (= petal-width (/ 497 1000))) (and (= sepal-width (/ 197 500)) (= petal-length (/ 33 40)) (= petal-width (/ 511 1000)))))),228.0,0.9375,"- threshold: 0.5
- specific_input: [0.4722222222222223, 0.29166666666666674, 0.6949152542372881, 0.6250000000000001]
- detailed_input: [('sepal-length', 0.4722222222222223), ('sepal-width', 0.29166666666666674), ('petal-length', 0.6949152542372881), ('petal-width', 0.6250000000000001)]",17608.0,0.0,0.0,10.004880666732788,2.020185708999634,7.971939563751221,48.0
0.7818831942789034,nn,adult,sygus, (or (and sex (< capital-gain (/ 1 4))) (and (not sex) (< education-num (/ 3 4)))),6.0,0.5454545454545454,"- threshold: 0.5
- specific_input: [0.0, 0.136986301369863, 0.5333333333333333, 0.0, 0.3659320477502296, 0.24489795918367346, 0.0, 0.0, 0.0, 0.0, 1.0]
- detailed_input: [('sex', 0.0), ('age', 0.136986301369863), ('education-num', 0.5333333333333333), ('capital-gain', 0.0), ('capital-loss', 0.3659320477502296), ('hours-per-week', 0.24489795918367346), ('race_0', 0.0), ('race_1', 0.0), ('race_2', 0.0), ('race_3', 0.0), ('race_4', 1.0)]",73.0,1.0,0.0,11.009254217147827,7.762248277664185,2.2432446479797363,11.0
0.16710369487485102,nn,adult,sygus, (let ((_let_0 (= capital-loss (/ 7 50)))) (let ((_let_1 (= capital-gain (/ 3 50)))) (and race_4 (or (and (not sex) (or (and race_0 (or (and race_3 (or (and race_2 (or (and (not race_1) (or (and (= age (/ 67 125)) (= education-num (/ 929 1000)) (= capital-gain (/ 91 1000)) (= capital-loss (/ 131 250)) (= hours-per-week (/ 197 500))) (and (= hours-per-week (/ 833 1000)) (or (and (= age (/ 37 250)) (= education-num (/ 479 1000)) (= capital-gain (/ 21 40)) (= capital-loss (/ 833 1000))) (and (= age (/ 719 1000)) (= education-num (/ 163 1000)) (= capital-gain (/ 41 1000)) (= capital-loss (/ 517 1000))))))) (and race_1 (or (and (= age (/ 34 125)) (= education-num (/ 109 250)) (= capital-gain (/ 87 100)) (= capital-loss (/ 879 1000)) (= hours-per-week (/ 41 1000))) (and _let_0 (= age (/ 169 200)) (= education-num (/ 837 1000)) (= capital-gain (/ 46 125)) (= hours-per-week (/ 501 1000))))))) (and (not race_2) (or (and race_1 (or (and (= age (/ 323 1000)) (= education-num (/ 721 1000)) (= capital-gain (/ 2 125)) (= capital-loss (/ 169 500)) (= hours-per-week (/ 53 1000))) (and (= age (/ 593 1000)) (= education-num (/ 73 500)) (= capital-gain (/ 31 200)) (= capital-loss (/ 713 1000)) (= hours-per-week (/ 57 200))))) (and (not race_1) (or (and (= age (/ 27 1000)) (= education-num (/ 323 500)) (= capital-gain (/ 1 25)) (= capital-loss (/ 677 1000)) (= hours-per-week (/ 811 1000))) (and (= age (/ 36 125)) (= education-num (/ 187 500)) (= capital-gain (/ 9 1000)) (= capital-loss (/ 459 500)) (= hours-per-week (/ 317 500))))))))) (and race_2 (not race_3) (or (and (not race_1) (= age (/ 97 125)) (= education-num (/ 91 500)) (= capital-gain (/ 457 1000)) (= capital-loss (/ 123 1000)) (= hours-per-week (/ 1 40))) (and race_1 (or (and (= age (/ 619 1000)) (= education-num (/ 901 1000)) (= capital-gain (/ 21 1000)) (= capital-loss (/ 41 250)) (= hours-per-week (/ 31 100))) (and (= age (/ 161 200)) (= education-num (/ 233 1000)) (= capital-gain (/ 177 1000)) (= capital-loss (/ 109 1000)) (= hours-per-week (/ 691 1000))))))))) (and (not race_0) (not race_3) (or (and (= age (/ 136986301369863 1000000000000000)) (= education-num (/ 5333333333333333 10000000000000000)) (= capital-gain 0.0) (= capital-loss (/ 457415059687787 1250000000000000)) (= hours-per-week (/ 12244897959183673 50000000000000000)) (not race_1) (not race_2)) (and race_1 (or (and race_2 (= age (/ 401 500)) (= education-num (/ 42 125)) (= capital-gain (/ 47 200)) (= capital-loss (/ 107 1000)) (= hours-per-week (/ 283 500))) (and (not race_2) (or (and (= age (/ 11 200)) (= education-num (/ 111 500)) (= capital-gain (/ 3 100)) (= capital-loss (/ 39 40)) (= hours-per-week (/ 271 500))) (and _let_1 (= age (/ 121 200)) (= education-num (/ 103 1000)) (= capital-loss (/ 3 125)) (= hours-per-week (/ 76 125))))))))))) (and sex (or (and (not race_0) (or (and race_2 (or (and race_1 (or (and (not race_3) (= age (/ 373 500)) (= education-num (/ 147 200)) (= capital-gain (/ 69 500)) _let_0 (= hours-per-week (/ 19 250))) (and race_3 (= age (/ 247 500)) (= education-num (/ 81 250)) _let_1 (= capital-loss (/ 37 100)) (= hours-per-week (/ 68 125))))) (and (not race_1) (or (and (= age (/ 73 1000)) (= education-num (/ 64 125)) (= capital-gain (/ 159 1000)) (= capital-loss (/ 233 250)) (= hours-per-week (/ 231 1000)) (not race_3)) (and race_3 (= age (/ 349 1000)) (= education-num (/ 413 1000)) (= capital-gain (/ 17 200)) (= capital-loss (/ 683 1000)) (= hours-per-week (/ 133 1000))))))) (and (not race_2) (not race_3) (or (and race_1 (= age (/ 119 125)) (= education-num (/ 469 1000)) (= capital-gain (/ 73 1000)) (= capital-loss (/ 453 500)) (= hours-per-week (/ 3 8))) (and (not race_1) (= age (/ 121 1000)) (= education-num (/ 383 500)) (= capital-gain (/ 49 1000)) (= capital-loss (/ 173 1000)) (= hours-per-week (/ 149 500))))))) (and race_0 (not race_1) (not race_2) (or (and (not race_3) (= age (/ 67 1000)) (= education-num (/ 31 1000)) (= capital-gain (/ 157 500)) (= capital-loss (/ 3 5)) (= hours-per-week (/ 253 500))) (and race_3 (= age (/ 759 1000)) (= education-num (/ 189 200)) (= capital-gain (/ 29 250)) (= capital-loss (/ 57 250)) (= hours-per-week (/ 373 1000))))))))))),227.0,0.9230769230769231,"- threshold: 0.5
- specific_input: [0.0, 0.136986301369863, 0.5333333333333333, 0.0, 0.3659320477502296, 0.24489795918367346, 0.0, 0.0, 0.0, 0.0, 1.0]
- detailed_input: [('sex', 0.0), ('age', 0.136986301369863), ('education-num', 0.5333333333333333), ('capital-gain', 0.0), ('capital-loss', 0.3659320477502296), ('hours-per-week', 0.24489795918367346), ('race_0', 0.0), ('race_1', 0.0), ('race_2', 0.0), ('race_3', 0.0), ('race_4', 1.0)]",5448.0,0.0,0.0,10.006345510482788,1.0419528484344482,8.958341836929321,26.0
0.875,nn,zoo,sygus, (or (and (not eggs) catsize) (and hair (and feathers backbone))),7.0,0.4166666666666667,"- threshold: 0.5
- specific_input: [0.0, 1.0, 1.0, 0.0, 1.0, 1.0, 1.0, 0.0, 1.0, 1.0, 0.0, 0.0, 0.25, 1.0, 0.0, 0.0]
- detailed_input: [('hair', 0.0), ('feathers', 1.0), ('eggs', 1.0), ('milk', 0.0), ('airborne', 1.0), ('aquatic', 1.0), ('predator', 1.0), ('toothed', 0.0), ('backbone', 1.0), ('breathes', 1.0), ('venomous', 0.0), ('fins', 0.0), ('legs', 0.25), ('tail', 1.0), ('domestic', 0.0), ('catsize', 0.0)]",139.0,1.0,0.0,11.005033016204834,9.395874500274658,0.6055054664611816,12.0
0.875,nn,zoo,sygus, (let ((_let_0 (= legs (/ 71 1000)))) (let ((_let_1 (= legs (/ 79 1000)))) (let ((_let_2 (= legs (/ 147 500)))) (or (and (not venomous) (or (and hair (or (and catsize (or (and milk (or (and airborne (or (and (not aquatic) (or (and tail (or (and (not domestic) (or (and breathes (or (and predator backbone (not feathers) (not toothed) (not eggs) (not fins) (= legs (/ 89 500))) (and (not predator) (or (and feathers toothed backbone (not eggs) (not fins) (= legs (/ 17 250))) (and eggs fins (not feathers) (not toothed) (not backbone) (or (= legs (/ 179 500)) (= legs (/ 127 1000)))))))) (and predator fins (not breathes) (or (and feathers (not toothed) (not backbone) (not eggs) _let_1) (and eggs toothed backbone (not feathers) (= legs (/ 347 1000))))))) (and toothed backbone domestic (not fins) (or (and feathers predator (not breathes) (not eggs) (= legs (/ 689 1000))) (and eggs breathes (not predator) (not feathers) (= legs (/ 19 100))))))) (and feathers predator (not tail) (not domestic) (not eggs) (or (and backbone fins (not breathes) (not toothed) (= legs (/ 79 125))) (and toothed breathes (not backbone) (not fins) (= legs (/ 73 1000))))))) (and aquatic (or (and eggs backbone breathes fins domestic (not predator) (not tail) (not feathers) (not toothed) _let_0) (and predator (not eggs) (or (and toothed breathes (not tail) (not domestic) (not feathers) (not backbone) (not fins) (= legs (/ 37 50))) (and backbone (not toothed) (or (and breathes fins domestic (not tail) (not feathers) (= legs (/ 513 1000))) (and feathers tail (not breathes) (not domestic) (not fins) (= legs (/ 899 1000))))))))))) (and aquatic (not airborne) (or (and eggs predator backbone breathes fins domestic (not tail) (not feathers) (not toothed) (= legs (/ 109 1000))) (and (not fins) (or (and eggs (or (and feathers toothed tail (not predator) (not breathes) (not domestic) (not backbone) (= legs (/ 109 500))) (and domestic (not toothed) (or (and feathers backbone (not predator) (not breathes) (not tail) (= legs (/ 357 1000))) (and predator breathes (not feathers) (or (and tail (not backbone) (= legs (/ 91 1000))) (and backbone (not tail) (= legs (/ 147 1000))))))))) (and predator tail (not backbone) (not eggs) (or (and breathes domestic (= legs (/ 113 125)) (not feathers) (not toothed)) (and feathers toothed (not breathes) (not domestic) (= legs (/ 187 1000))))))))))) (and (not milk) (not airborne) (or (and eggs predator toothed breathes tail (not aquatic) (not domestic) (not feathers) (not backbone) (not fins) (= legs (/ 247 500))) (and backbone (or (and feathers aquatic predator toothed domestic (not breathes) (not tail) (not eggs) (not fins) (= legs (/ 327 1000))) (and tail (or (and feathers aquatic toothed domestic (not predator) (not breathes) (not eggs) (not fins) (= legs (/ 683 1000))) (and (not domestic) (or (and eggs toothed breathes (not aquatic) (not predator) (not feathers) (not fins) (= legs (/ 13 500))) (and (not toothed) (or (and eggs breathes (not aquatic) (not predator) (not feathers) (not fins) (= legs (/ 207 1000))) (and (not eggs) (or (and aquatic breathes fins (not predator) (not feathers) (= legs (/ 201 250))) (and feathers predator (not breathes) (not fins) (or (and aquatic (= legs (/ 307 1000))) (and (not aquatic) (= legs (/ 417 500))))))))))))))))))) (and (not catsize) (or (and aquatic predator breathes fins tail domestic (not milk) (not feathers) (not toothed) (not backbone) (not eggs) (not airborne) (= legs (/ 321 1000))) (and toothed backbone (or (and feathers milk predator breathes fins (not aquatic) (not tail) (not domestic) (not eggs) (not airborne) (= legs (/ 399 1000))) (and tail (or (and predator breathes (not milk) (not aquatic) (not domestic) (not feathers) (not eggs) (not airborne) (not fins) (= legs (/ 99 1000))) (and (not breathes) (or (and airborne predator fins domestic (not milk) (not aquatic) (not feathers) (not eggs) (= legs (/ 221 500))) (and milk (or (and eggs predator (not aquatic) (not domestic) (not feathers) (not airborne) (not fins) (= legs (/ 89 200))) (and domestic (or (and eggs predator (not aquatic) (not feathers) (not airborne) (not fins) (= legs (/ 383 500))) (and feathers airborne aquatic (not predator) (not eggs) (or (and (not fins) (= legs (/ 17 100))) (and fins (= legs (/ 499 500))))))))))))))))))) (and (not hair) (or (and predator backbone breathes catsize (not milk) (not aquatic) (not tail) (not domestic) (not feathers) (not toothed) (not eggs) (not airborne) (not fins) _let_1) (and milk (or (and eggs aquatic toothed backbone breathes tail domestic catsize (not predator) (not feathers) (not airborne) (not fins) (= legs (/ 723 1000))) (and predator (or (and airborne aquatic breathes fins tail domestic catsize (not feathers) (not toothed) (not backbone) (not eggs) _let_2) (and backbone (not airborne) (or (and feathers breathes fins domestic catsize (not aquatic) (not tail) (not toothed) (not eggs) (= legs (/ 147 250))) (and tail (or (and feathers catsize (not aquatic) (not breathes) (not domestic) (not toothed) (not eggs) (not fins) (= legs (/ 1 8))) (and domestic (or (and eggs toothed breathes catsize (not aquatic) (not feathers) (not fins) (= legs (/ 31 500))) (and aquatic (not eggs) (or (and feathers toothed breathes fins catsize (= legs (/ 763 1000))) (and (not breathes) (not catsize) (not feathers) (not toothed) (not fins) (= legs (/ 129 500))))))))))))))))))) (and hair milk predator backbone venomous (or (and airborne aquatic tail catsize (not breathes) (not domestic) (not feathers) (not toothed) (not eggs) (not fins) (= legs (/ 7 25))) (and breathes (or (and airborne aquatic fins domestic catsize (not tail) (not feathers) (not toothed) (not eggs) (= legs (/ 23 50))) (and toothed (or (and aquatic (not tail) (not domestic) (not catsize) (not feathers) (not eggs) (not airborne) (not fins) _let_0) (and catsize (not aquatic) (or (and eggs fins tail domestic (not feathers) (not airborne) _let_2) (and feathers airborne (not tail) (not domestic) (not eggs) (not fins) (= legs (/ 693 1000))))))))))))))),584.0,0.9433962264150944,"- threshold: 0.5
- specific_input: [0.0, 1.0, 1.0, 0.0, 1.0, 1.0, 1.0, 0.0, 1.0, 1.0, 0.0, 0.0, 0.25, 1.0, 0.0, 0.0]
- detailed_input: [('hair', 0.0), ('feathers', 1.0), ('eggs', 1.0), ('milk', 0.0), ('airborne', 1.0), ('aquatic', 1.0), ('predator', 1.0), ('toothed', 0.0), ('backbone', 1.0), ('breathes', 1.0), ('venomous', 0.0), ('fins', 0.0), ('legs', 0.25), ('tail', 1.0), ('domestic', 0.0), ('catsize', 0.0)]",21308.0,0.0,0.0,10.069343566894531,2.467442512512207,7.587930917739868,53.0
0.7756853396901072,nn,adult,sygus, (or (and (not sex) race_3) (and (< capital-gain (/ 1 2)) (< hours-per-week (/ 1 2)))),6.0,0.5454545454545454,"- threshold: 0.5
- specific_input: [0.0, 0.136986301369863, 0.5333333333333333, 0.0, 0.3659320477502296, 0.24489795918367346, 0.0, 0.0, 0.0, 0.0, 1.0]
- detailed_input: [('sex', 0.0), ('age', 0.136986301369863), ('education-num', 0.5333333333333333), ('capital-gain', 0.0), ('capital-loss', 0.3659320477502296), ('hours-per-week', 0.24489795918367346), ('race_0', 0.0), ('race_1', 0.0), ('race_2', 0.0), ('race_3', 0.0), ('race_4', 1.0)]",87.0,1.0,0.0,11.005482196807861,7.751294374465942,2.2505714893341064,11.0
0.16710369487485102,nn,adult,sygus, (and race_4 (or (and race_1 (or (and race_2 (or (and race_3 (or (and (not sex) (or (and race_0 (or (and (= age (/ 803 1000)) (= education-num (/ 853 1000)) (= capital-gain (/ 1 20)) (= capital-loss (/ 4 25)) (= hours-per-week (/ 33 100))) (and (= age (/ 413 1000)) (= education-num (/ 761 1000)) (= capital-gain (/ 9 200)) (= capital-loss (/ 173 200)) (= hours-per-week (/ 729 1000))) (and (= age (/ 457 1000)) (= education-num (/ 297 1000)) (= capital-gain (/ 21 50)) (= capital-loss (/ 183 250)) (= hours-per-week (/ 343 1000))))) (and (not race_0) (or (and (= age (/ 93 500)) (= education-num (/ 57 100)) (= capital-gain (/ 201 1000)) (= capital-loss (/ 361 500)) (= hours-per-week (/ 677 1000))) (and (= age (/ 151 500)) (= education-num (/ 173 1000)) (= capital-gain (/ 59 125)) (= capital-loss (/ 421 500)) (= hours-per-week (/ 649 1000))))))) (and sex (or (and race_0 (= age (/ 821 1000)) (= education-num (/ 217 250)) (= capital-gain (/ 4 25)) (= capital-loss (/ 699 1000)) (= hours-per-week (/ 33 40))) (and (not race_0) (or (and (= age (/ 491 500)) (= education-num (/ 417 1000)) (= capital-gain (/ 17 500)) (= capital-loss (/ 27 125)) (= hours-per-week (/ 13 25))) (and (= age (/ 33 200)) (= education-num (/ 293 500)) (= capital-gain (/ 19 125)) (= capital-loss (/ 757 1000)) (= hours-per-week (/ 7 500))))))))) (and (not race_0) (not race_3) (or (and (not sex) (= age (/ 143 500)) (= education-num (/ 1 1000)) (= capital-gain (/ 537 1000)) (= capital-loss (/ 261 1000)) (= hours-per-week (/ 213 1000))) (and sex (or (and (= age (/ 893 1000)) (= education-num (/ 931 1000)) (= capital-gain (/ 109 1000)) (= capital-loss (/ 209 1000)) (= hours-per-week (/ 163 1000))) (and (= age (/ 3 250)) (= education-num (/ 909 1000)) (= capital-gain (/ 19 50)) (= capital-loss (/ 901 1000)) (= hours-per-week (/ 421 1000))) (and (= age (/ 104 125)) (= education-num (/ 807 1000)) (= capital-gain (/ 37 250)) (= capital-loss (/ 601 1000)) (= hours-per-week (/ 59 500))))))))) (and (not race_2) (or (and race_0 (or (and (not race_3) (not sex) (= age (/ 71 1000)) (= education-num (/ 1 5)) (= capital-gain (/ 273 1000)) (= capital-loss (/ 107 200)) (= hours-per-week (/ 617 1000))) (and race_3 (or (and sex (= age (/ 143 200)) (= education-num (/ 733 1000)) (= capital-gain (/ 9 250)) (= capital-loss (/ 377 500)) (= hours-per-week (/ 9 10))) (and (not sex) (or (and (= age (/ 73 200)) (= education-num (/ 549 1000)) (= capital-gain (/ 381 1000)) (= capital-loss (/ 97 500)) (= hours-per-week (/ 241 1000))) (and (= age (/ 437 500)) (= education-num (/ 751 1000)) (= capital-gain (/ 193 1000)) (= capital-loss (/ 193 250)) (= hours-per-week (/ 703 1000))))))))) (and (not race_0) (or (and race_3 (not sex) (= age (/ 107 250)) (= education-num (/ 133 1000)) (= capital-gain (/ 13 500)) (= capital-loss (/ 463 500)) (= hours-per-week (/ 133 500))) (and sex (not race_3) (= age (/ 89 125)) (= education-num (/ 223 1000)) (= capital-gain (/ 149 1000)) (= capital-loss (/ 19 125)) (= hours-per-week (/ 197 500))))))))) (and (not race_1) (or (and (not sex) (or (and race_0 (or (and race_2 (not race_3) (= age (/ 161 200)) (= education-num (/ 389 500)) (= capital-gain (/ 27 500)) (= capital-loss (/ 237 250)) (= hours-per-week (/ 437 500))) (and race_3 (not race_2) (or (and (= age (/ 13 50)) (= education-num (/ 581 1000)) (= capital-gain (/ 147 1000)) (= capital-loss (/ 93 100)) (= hours-per-week (/ 143 1000))) (and (= age (/ 3 8)) (= education-num (/ 231 250)) (= capital-gain (/ 17 125)) (= capital-loss (/ 323 1000)) (= hours-per-week (/ 919 1000))))))) (and (not race_0) (or (and (= age (/ 136986301369863 1000000000000000)) (= education-num (/ 5333333333333333 10000000000000000)) (= capital-gain 0.0) (= capital-loss (/ 457415059687787 1250000000000000)) (= hours-per-week (/ 12244897959183673 50000000000000000)) (not race_2) (not race_3)) (and race_2 race_3 (= age (/ 557 1000)) (= education-num (/ 7 500)) (= capital-gain (/ 473 1000)) (= capital-loss (/ 96 125)) (= hours-per-week (/ 181 1000))))))) (and sex race_2 (or (and race_0 (not race_3) (= age (/ 799 1000)) (= education-num (/ 47 100)) (= capital-gain (/ 9 50)) (= capital-loss (/ 749 1000)) (= hours-per-week (/ 61 1000))) (and race_3 (not race_0) (= age (/ 229 250)) (= education-num (/ 861 1000)) (= capital-gain (/ 17 1000)) (= capital-loss (/ 37 200)) (= hours-per-week (/ 927 1000))))))))),237.0,0.9259259259259259,"- threshold: 0.5
- specific_input: [0.0, 0.136986301369863, 0.5333333333333333, 0.0, 0.3659320477502296, 0.24489795918367346, 0.0, 0.0, 0.0, 0.0, 1.0]
- detailed_input: [('sex', 0.0), ('age', 0.136986301369863), ('education-num', 0.5333333333333333), ('capital-gain', 0.0), ('capital-loss', 0.3659320477502296), ('hours-per-week', 0.24489795918367346), ('race_0', 0.0), ('race_1', 0.0), ('race_2', 0.0), ('race_3', 0.0), ('race_4', 1.0)]",5860.0,0.0,0.0,10.52753758430481,1.0567831993103027,9.464671611785889,27.0
0.8571428571428571,nn,iris,sygus, (or (and (> sepal-length (/ 3 4)) (> sepal-width (/ 1 4))) (and (< sepal-width (/ 1 4)) (and (> petal-length (/ 1 4)) (< petal-width (/ 3 4))))),7.0,0.5,"- threshold: 0.5
- specific_input: [0.4722222222222223, 0.29166666666666674, 0.6949152542372881, 0.6250000000000001]
- detailed_input: [('sepal-length', 0.4722222222222223), ('sepal-width', 0.29166666666666674), ('petal-length', 0.6949152542372881), ('petal-width', 0.6250000000000001)]",283.0,1.0,0.0,11.010640144348145,9.368505477905273,0.6383631229400635,12.0
0.7857142857142857,nn,iris,sygus, (or (and (= sepal-length (/ 219 250)) (= sepal-width (/ 253 500)) (= petal-length (/ 947 1000)) (= petal-width (/ 207 500))) (and (= sepal-length (/ 303 500)) (= sepal-width (/ 13 200)) (= petal-length (/ 173 500)) (= petal-width (/ 287 1000))) (and (= sepal-length (/ 107 200)) (= sepal-width (/ 143 500)) (= petal-length (/ 83 250)) (= petal-width (/ 67 500))) (and (= sepal-length (/ 73 250)) (= sepal-width (/ 9 200)) (= petal-length (/ 31 50)) (= petal-width (/ 17 40))) (and (= sepal-length (/ 127 250)) (= sepal-width (/ 153 1000)) (= petal-length (/ 951 1000)) (= petal-width (/ 17 250))) (and (= sepal-length (/ 123 250)) (= sepal-width (/ 6 125)) (= petal-length (/ 67 1000)) (= petal-width (/ 89 200))) (and (= sepal-length (/ 153 250)) (= sepal-width (/ 189 1000)) (= petal-length (/ 829 1000)) (= petal-width (/ 439 1000))) (and (= sepal-length (/ 77 200)) (= sepal-width (/ 11 100)) (= petal-length (/ 349 500)) (= petal-width (/ 447 1000))) (and (= sepal-length (/ 941 1000)) (= sepal-width (/ 43 125)) (= petal-length (/ 279 500)) (= petal-width (/ 203 500))) (and (= sepal-length (/ 767 1000)) (= sepal-width (/ 277 1000)) (= petal-length (/ 541 1000)) (= petal-width (/ 97 1000))) (and (= sepal-length (/ 433 500)) (= sepal-width (/ 281 1000)) (= petal-length (/ 9 50)) (= petal-width (/ 43 125))) (and (= sepal-length (/ 401 500)) (= sepal-width (/ 93 500)) (= petal-length (/ 41 500)) (= petal-width (/ 11 250))) (and (= sepal-length (/ 393 1000)) (= sepal-width (/ 87 250)) (= petal-length (/ 17 20)) (= petal-width (/ 47 500))) (and (= sepal-length (/ 97 125)) (= sepal-width (/ 17 25)) (= petal-length (/ 401 500)) (= petal-width (/ 27 200))) (and (= sepal-length (/ 7 20)) (= sepal-width (/ 249 1000)) (= petal-length (/ 237 250)) (= petal-width (/ 67 1000))) (and (= sepal-length (/ 369 1000)) (= sepal-width (/ 487 1000)) (= petal-length (/ 923 1000)) (= petal-width (/ 71 250))) (and (= sepal-length (/ 73 500)) (= sepal-width (/ 51 1000)) (= petal-length (/ 383 1000)) (= petal-width (/ 371 500))) (and (= sepal-length (/ 37 100)) (= sepal-width (/ 1 4)) (= petal-length (/ 233 500)) (= petal-width (/ 68 125))) (and (= sepal-length (/ 467 1000)) (= sepal-width (/ 31 500)) (= petal-length (/ 187 1000)) (= petal-width (/ 263 1000))) (and (= sepal-length (/ 657 1000)) (= sepal-width (/ 67 200)) (= petal-length (/ 29 40)) (= petal-width (/ 199 500))) (and (= sepal-length (/ 681 1000)) (= sepal-width (/ 61 500)) (= petal-length (/ 469 500)) (= petal-width (/ 657 1000))) (and (= sepal-length (/ 411 500)) (= sepal-width (/ 219 1000)) (= petal-length (/ 441 500)) (= petal-width (/ 179 1000))) (and (= sepal-length (/ 117 125)) (= sepal-width (/ 97 250)) (= petal-length (/ 533 1000)) (= petal-width (/ 61 250))) (and (= sepal-length (/ 54 125)) (= sepal-width (/ 59 1000)) (= petal-length (/ 9 10)) (= petal-width (/ 17 50))) (and (= sepal-length (/ 283 500)) (= sepal-width (/ 237 500)) (= petal-length (/ 189 250)) (= petal-width (/ 111 1000))) (and (= sepal-length (/ 17 50)) (= sepal-width (/ 43 200)) (= petal-length (/ 243 1000)) (= petal-width (/ 41 250))) (and (= sepal-length (/ 231 500)) (= sepal-width (/ 223 1000)) (= petal-length (/ 713 1000)) (= petal-width (/ 1 500))) (and (= sepal-length (/ 69 250)) (= sepal-width (/ 207 500)) (= petal-length (/ 177 250)) (= petal-width (/ 3 25))) (and (= sepal-length (/ 397 1000)) (= sepal-width (/ 33 1000)) (= petal-length (/ 81 500)) (= petal-width (/ 33 250))) (and (= sepal-length (/ 927 1000)) (= sepal-width (/ 109 1000)) (= petal-length (/ 7 20)) (= petal-width (/ 29 125))) (and (= sepal-length (/ 9 250)) (= sepal-width (/ 7 200)) (= petal-length (/ 337 1000)) (= petal-width (/ 647 1000))) (and (= sepal-length (/ 67 1000)) (= sepal-width (/ 73 500)) (= petal-length (/ 519 1000)) (= petal-width (/ 471 1000))) (and (= sepal-length (/ 209 500)) (= sepal-width (/ 231 500)) (= petal-length (/ 319 500)) (= petal-width (/ 48 125))) (and (= sepal-length (/ 23 125)) (= sepal-width (/ 39 250)) (= petal-length (/ 87 100)) (= petal-width (/ 143 1000))) (and (= sepal-length (/ 887 1000)) (= sepal-width (/ 157 1000)) (= petal-length (/ 34 125)) (= petal-width (/ 19 125))) (and (= sepal-length (/ 251 500)) (= sepal-width (/ 1 200)) (= petal-length (/ 231 250)) (= petal-width (/ 303 1000))) (and (= petal-width (/ 219 1000)) (or (and (= sepal-length (/ 13 50)) (= sepal-width (/ 19 250)) (= petal-length (/ 729 1000))) (and (= sepal-length (/ 497 500)) (= sepal-width (/ 1 125)) (= petal-length (/ 343 500))))) (and (= sepal-width (/ 7 25)) (or (and (= sepal-length (/ 43 250)) (= petal-length (/ 957 1000)) (= petal-width (/ 193 500))) (and (= sepal-length (/ 193 500)) (= petal-length (/ 209 500)) (= petal-width (/ 3 10))))) (and (= sepal-width (/ 17 1000)) (or (and (= sepal-length (/ 453 1000)) (= petal-length (/ 43 100)) (= petal-width (/ 561 1000))) (and (= sepal-length (/ 63 250)) (= petal-length (/ 7 1000)) (= petal-width (/ 111 200))))) (and (= sepal-width (/ 159 500)) (or (and (= sepal-length (/ 581 1000)) (= petal-length (/ 181 200)) (= petal-width (/ 113 1000))) (and (= sepal-length (/ 31 40)) (= petal-length (/ 21 40)) (= petal-width (/ 431 1000))))) (and (= petal-length (/ 71 200)) (or (and (= sepal-length (/ 16 25)) (= sepal-width (/ 2 25)) (= petal-width (/ 307 500))) (and (= sepal-length (/ 161 250)) (= sepal-width (/ 1 40)) (= petal-width (/ 251 1000)))))),235.0,0.9387755102040817,"- threshold: 0.5
- specific_input: [0.4722222222222223, 0.29166666666666674, 0.6949152542372881, 0.6250000000000001]
- detailed_input: [('sepal-length', 0.4722222222222223), ('sepal-width', 0.29166666666666674), ('petal-length', 0.6949152542372881), ('petal-width', 0.6250000000000001)]",18319.0,0.0,0.0,10.113327026367188,2.0237770080566406,8.077027797698975,49.0
0.4579261025029797,nn,adult,sygus, (or (and (not sex) (< capital-loss (/ 1 2))) (and race_0 (> capital-loss (/ 3 4)))),6.0,0.5454545454545454,"- threshold: 0.5
- specific_input: [0.0, 0.136986301369863, 0.5333333333333333, 0.0, 0.3659320477502296, 0.24489795918367346, 0.0, 0.0, 0.0, 0.0, 1.0]
- detailed_input: [('sex', 0.0), ('age', 0.136986301369863), ('education-num', 0.5333333333333333), ('capital-gain', 0.0), ('capital-loss', 0.3659320477502296), ('hours-per-week', 0.24489795918367346), ('race_0', 0.0), ('race_1', 0.0), ('race_2', 0.0), ('race_3', 0.0), ('race_4', 1.0)]",64.0,1.0,0.0,11.00680160522461,7.685792446136475,2.3175039291381836,11.0
0.16710369487485102,nn,adult,sygus, (and race_4 (or (and race_0 (or (and (not race_1) (or (and sex (or (and race_3 (or (and race_2 (or (and (= age (/ 403 1000)) (= education-num (/ 59 125)) (= capital-gain (/ 213 1000)) (= capital-loss (/ 911 1000)) (= hours-per-week (/ 829 1000))) (and (= age (/ 801 1000)) (= education-num (/ 73 125)) (= capital-gain (/ 339 1000)) (= capital-loss (/ 181 1000)) (= hours-per-week (/ 269 1000))))) (and (not race_2) (or (and (= age (/ 37 100)) (= education-num (/ 437 500)) (= capital-gain (/ 109 1000)) (= capital-loss (/ 4 5)) (= hours-per-week (/ 249 500))) (and (= age (/ 103 500)) (= education-num (/ 167 500)) (= capital-gain (/ 59 200)) (= capital-loss (/ 533 1000)) (= hours-per-week (/ 7 125))))))) (and (not race_3) (or (and race_2 (= age (/ 673 1000)) (= education-num (/ 549 1000)) (= capital-gain (/ 3 200)) (= capital-loss (/ 497 500)) (= hours-per-week (/ 647 1000))) (and (not race_2) (or (and (= age (/ 63 100)) (= education-num (/ 7 200)) (= capital-gain (/ 307 1000)) (= capital-loss (/ 479 1000)) (= hours-per-week (/ 47 500))) (and (= age (/ 467 1000)) (= education-num (/ 159 1000)) (= capital-gain (/ 19 500)) (= capital-loss (/ 189 500)) (= hours-per-week (/ 741 1000))))))))) (and (not sex) (or (and race_3 (not race_2) (= age (/ 971 1000)) (= education-num (/ 33 100)) (= capital-gain (/ 103 1000)) (= capital-loss (/ 891 1000)) (= hours-per-week (/ 29 200))) (and race_2 (or (and race_3 (or (and (= age (/ 169 500)) (= education-num (/ 277 500)) (= capital-gain (/ 23 250)) (= capital-loss (/ 493 1000)) (= hours-per-week (/ 93 200))) (and (= age (/ 123 250)) (= education-num (/ 267 500)) (= capital-gain (/ 403 1000)) (= capital-loss (/ 263 1000)) (= hours-per-week (/ 297 500))))) (and (not race_3) (or (and (= age (/ 207 1000)) (= education-num (/ 19 500)) (= capital-gain (/ 71 250)) (= capital-loss (/ 599 1000)) (= hours-per-week (/ 223 500))) (and (= age (/ 489 500)) (= education-num (/ 641 1000)) (= capital-gain (/ 12 125)) (= capital-loss (/ 67 125)) (= hours-per-week (/ 1 40))))))))))) (and race_1 (or (and sex (not race_3) (not race_2) (= age (/ 143 1000)) (= education-num (/ 3 100)) (= capital-gain (/ 9 125)) (= capital-loss (/ 201 500)) (= hours-per-week (/ 683 1000))) (and race_2 (or (and (not sex) (not race_3) (= age (/ 199 1000)) (= education-num (/ 183 500)) (= capital-gain (/ 143 250)) (= capital-loss (/ 37 250)) (= hours-per-week (/ 51 100))) (and race_3 (or (and (not sex) (= age (/ 77 100)) (= education-num (/ 83 200)) (= capital-gain (/ 59 125)) (= capital-loss (/ 93 200)) (= hours-per-week (/ 469 1000))) (and sex (= age (/ 3 5)) (= education-num (/ 183 200)) (= capital-gain (/ 1 25)) (= capital-loss (/ 329 1000)) (= hours-per-week (/ 28 125))))))))))) (and (not race_0) (or (and sex race_1 race_3 (not race_2) (= age (/ 327 500)) (= education-num (/ 71 200)) (= capital-gain (/ 33 200)) (= capital-loss (/ 213 250)) (= hours-per-week (/ 17 50))) (and (not sex) (or (and (not race_3) (or (and race_2 (or (and (not race_1) (= age (/ 121 500)) (= education-num (/ 733 1000)) (= capital-gain (/ 21 500)) (= capital-loss (/ 737 1000)) (= hours-per-week (/ 9 20))) (and race_1 (or (and (= age (/ 743 1000)) (= education-num (/ 127 500)) (= capital-gain (/ 217 1000)) (= capital-loss (/ 387 1000)) (= hours-per-week (/ 3 5))) (and (= age (/ 711 1000)) (= education-num (/ 127 1000)) (= capital-gain (/ 28 125)) (= capital-loss (/ 1 40)) (= hours-per-week (/ 487 1000))))))) (and (not race_1) (not race_2) (or (and (= age (/ 136986301369863 1000000000000000)) (= education-num (/ 5333333333333333 10000000000000000)) (= capital-gain 0.0) (= capital-loss (/ 457415059687787 1250000000000000)) (= hours-per-week (/ 12244897959183673 50000000000000000))) (and (= age (/ 241 500)) (= education-num (/ 3 50)) (= capital-gain (/ 57 500)) (= capital-loss (/ 33 125)) (= hours-per-week (/ 459 1000))))))) (and race_3 (or (and race_1 (not race_2) (= age (/ 58 125)) (= education-num (/ 151 200)) (= capital-gain (/ 2 125)) (= capital-loss (/ 37 200)) (= hours-per-week (/ 59 100))) (and race_2 (not race_1) (= age (/ 87 1000)) (= education-num (/ 347 1000)) (= capital-gain (/ 69 1000)) (= capital-loss (/ 773 1000)) (= hours-per-week (/ 449 500))))))))))),232.0,0.9230769230769231,"- threshold: 0.5
- specific_input: [0.0, 0.136986301369863, 0.5333333333333333, 0.0, 0.3659320477502296, 0.24489795918367346, 0.0, 0.0, 0.0, 0.0, 1.0]
- detailed_input: [('sex', 0.0), ('age', 0.136986301369863), ('education-num', 0.5333333333333333), ('capital-gain', 0.0), ('capital-loss', 0.3659320477502296), ('hours-per-week', 0.24489795918367346), ('race_0', 0.0), ('race_1', 0.0), ('race_2', 0.0), ('race_3', 0.0), ('race_4', 1.0)]",5450.0,0.0,0.0,10.397590160369873,1.0648777484893799,9.32643985748291,26.0
